Name,playerId,team,PA,AB,primaryPOS,TB,isQualified,OPS,AVG,OBP,SLG,K%,BB%,Whiff%,SwStr%,FB%,GB%,LD%,SB%,BABIP,OPS_percentile,AVG_percentile,OBP_percentile,SLG_percentile,K%_percentile,BB%_percentile,Whiff%_percentile,SwStr%_percentile,FB%_percentile,GB%_percentile,LD%_percentile,SB%_percentile,BABIP_percentile
Jafet Ojeda,827111,YUC,6,5,2B,4,False,1.467,0.6,0.667,0.8,33.3,16.7,40.0,50.0,0.0,33.3,66.7,,1.0,100.0,100.0,100.0,99.0,88.0,95.0,93.0,64.0,1.0,11.0,100.0,,100.0
Jerar Encarnacion,666464,OAX,107,93,RF,92,False,1.428,0.366,0.439,0.989,24.3,12.1,32.6,44.5,47.1,38.2,13.2,100.0,0.306,100.0,97.0,97.0,100.0,69.0,78.0,80.0,29.0,96.0,20.0,23.0,88.0,40.0
Rogelio Cobos,701812,PUE,6,4,OF,4,False,1.4,0.25,0.4,1.0,50.0,16.7,63.6,47.8,0.0,50.0,50.0,33.3,,100.0,39.0,84.0,100.0,98.0,95.0,100.0,51.0,1.0,68.0,99.0,20.0,
Beder Gutierrez,664583,QRO,41,35,OF,31,False,1.349,0.371,0.463,0.886,17.1,14.6,22.2,45.3,17.9,50.0,25.0,,0.375,99.0,98.0,99.0,100.0,38.0,91.0,35.0,34.0,9.0,68.0,90.0,,80.0
Sandber Pimentel,622698,LEO,30,22,OF,15,False,1.282,0.455,0.6,0.682,13.3,23.3,32.7,40.2,11.1,72.2,11.1,100.0,0.529,99.0,100.0,100.0,98.0,18.0,99.0,80.0,9.0,4.0,97.0,17.0,88.0,99.0
Art Charles,543021,YUC,335,252,1B,187,True,1.199,0.294,0.457,0.742,28.4,22.7,38.6,39.1,41.0,31.7,18.6,,0.32,99.0,68.0,99.0,99.0,79.0,99.0,91.0,5.0,93.0,8.0,58.0,,50.0
Ramón Cabrera,541608,YUC,11,10,C,7,False,1.155,0.4,0.455,0.7,18.2,9.1,18.2,46.8,25.0,37.5,37.5,,0.429,99.0,99.0,98.0,99.0,43.0,52.0,18.0,46.0,33.0,18.0,98.0,,95.0
Moisés Castillo,665940,AGS,25,22,SS,15,False,1.122,0.364,0.44,0.682,24.0,12.0,23.7,38.8,62.5,0.0,31.2,100.0,0.429,98.0,97.0,97.0,98.0,68.0,77.0,43.0,4.0,99.0,1.0,97.0,88.0,95.0
Robinson Canó,429664,MEX,360,327,2B,209,True,1.114,0.431,0.475,0.639,11.4,7.2,16.8,52.6,19.7,49.8,25.6,,0.462,98.0,100.0,99.0,97.0,10.0,36.0,12.0,78.0,15.0,67.0,92.0,,97.0
Yurisbel Gracial,666968,QRO,387,348,IF,233,True,1.107,0.382,0.437,0.67,18.3,9.0,26.7,44.4,30.7,42.1,19.6,100.0,0.426,98.0,99.0,96.0,98.0,44.0,51.0,56.0,28.0,65.0,34.0,66.0,88.0,94.0
Lewin Díaz,650331,MEX,314,269,1B,174,True,1.099,0.375,0.452,0.647,17.2,12.7,21.3,45.7,38.4,32.9,21.0,100.0,0.41,98.0,98.0,98.0,98.0,39.0,81.0,31.0,38.0,88.0,10.0,75.0,88.0,93.0
Vimael Machín,605353,JAL,363,304,3B,176,True,1.073,0.401,0.494,0.579,10.2,15.4,18.2,42.8,31.2,48.0,16.7,52.6,0.441,97.0,99.0,100.0,94.0,7.0,93.0,18.0,19.0,67.0,62.0,42.0,39.0,96.0
Carlos Munoz,608608,AGS,38,31,1B,20,False,1.066,0.323,0.421,0.645,13.2,13.2,21.3,44.9,29.6,37.0,22.2,0.0,0.292,97.0,86.0,91.0,98.0,17.0,84.0,31.0,31.0,60.0,17.0,81.0,7.0,32.0
Leonys Martin,547982,QRO,366,308,CF,194,True,1.04,0.305,0.41,0.63,25.4,12.8,33.6,46.6,41.9,31.8,17.5,100.0,0.346,97.0,77.0,88.0,97.0,72.0,82.0,83.0,44.0,94.0,8.0,49.0,88.0,66.0
José Marmolejos,592530,MEX,322,261,1B,146,True,1.029,0.364,0.47,0.559,14.0,17.1,17.9,40.5,28.1,38.0,26.7,60.0,0.405,97.0,97.0,99.0,92.0,22.0,97.0,16.0,10.0,52.0,20.0,93.0,43.0,92.0
Yasiel Puig,624577,VER,261,223,RF,136,True,1.02,0.314,0.41,0.61,16.9,9.6,24.9,48.1,33.3,38.3,17.2,25.0,0.321,96.0,82.0,88.0,97.0,37.0,55.0,49.0,52.0,76.0,21.0,47.0,16.0,51.0
Franklin Barreto,620439,MEX,372,321,SS,185,True,1.006,0.343,0.43,0.576,26.6,12.1,30.9,42.0,21.4,50.9,22.3,80.0,0.456,96.0,92.0,95.0,93.0,75.0,78.0,75.0,15.0,20.0,72.0,81.0,65.0,96.0
Jose Vargas,543874,QRO,5,5,1B,3,False,1.0,0.4,0.4,0.6,40.0,0.0,46.2,76.5,0.0,33.3,66.7,,0.667,96.0,99.0,84.0,96.0,93.0,3.0,98.0,100.0,1.0,11.0,100.0,,100.0
Angel Reyes,622580,AGS,371,327,OF,192,True,0.999,0.346,0.412,0.587,17.0,10.5,26.8,48.9,26.1,45.1,24.3,59.1,0.378,96.0,93.0,89.0,95.0,37.0,64.0,56.0,58.0,42.0,50.0,87.0,42.0,81.0
Felix Perez,591977,TAB,136,121,RF,68,False,0.996,0.372,0.434,0.562,12.5,8.1,20.8,50.0,35.2,33.3,23.8,100.0,0.394,95.0,98.0,96.0,92.0,14.0,42.0,28.0,64.0,82.0,11.0,85.0,88.0,87.0
Danny Ortiz,543611,PUE,368,311,OF,188,True,0.985,0.283,0.38,0.605,20.7,13.9,27.7,48.9,39.2,28.3,16.7,0.0,0.283,95.0,63.0,73.0,96.0,52.0,89.0,60.0,58.0,89.0,6.0,42.0,7.0,27.0
Roberto Ramos,657733,OAX,238,201,1B,117,True,0.985,0.299,0.403,0.582,23.9,14.3,31.8,43.4,32.4,35.2,19.3,0.0,0.346,95.0,72.0,85.0,95.0,67.0,90.0,77.0,23.0,71.0,14.0,64.0,7.0,66.0
Brayan Mendoza,696535,MTY,45,39,OF,22,False,0.983,0.359,0.419,0.564,17.8,8.9,23.2,59.6,18.2,54.5,24.2,,0.433,95.0,96.0,91.0,93.0,42.0,50.0,40.0,95.0,10.0,81.0,87.0,,95.0
Alexi Amarista,506560,OAX,401,368,SS,213,True,0.981,0.361,0.402,0.579,10.2,5.7,16.3,49.2,36.2,42.8,16.8,25.0,0.376,94.0,96.0,84.0,94.0,7.0,25.0,10.0,60.0,86.0,37.0,44.0,16.0,80.0
Greg Bird,595885,JAL,306,262,1B,152,True,0.979,0.317,0.399,0.58,12.7,10.1,23.0,49.4,34.2,38.6,21.5,0.0,0.31,94.0,83.0,83.0,94.0,14.0,60.0,38.0,61.0,79.0,22.0,77.0,7.0,43.0
Keven Lamas,685694,SLT,314,274,IF,151,True,0.977,0.354,0.426,0.551,15.0,8.6,26.8,46.2,21.2,45.9,25.5,37.5,0.394,94.0,95.0,93.0,90.0,27.0,47.0,56.0,42.0,19.0,51.0,92.0,22.0,87.0
Zoilo Almonte,501660,MTY,336,307,LF,184,True,0.974,0.326,0.375,0.599,19.9,7.1,27.8,49.8,29.2,43.6,21.4,0.0,0.353,94.0,87.0,70.0,95.0,50.0,35.0,61.0,63.0,57.0,43.0,76.0,7.0,70.0
Nicholas Torres,657051,LAG,373,320,OF,176,True,0.974,0.341,0.424,0.55,22.8,11.5,30.9,46.8,33.1,43.5,20.5,66.7,0.42,94.0,91.0,92.0,90.0,63.0,73.0,75.0,46.0,74.0,42.0,73.0,50.0,94.0
Rusney Castillo,628329,QRO,75,74,OF,45,False,0.968,0.351,0.36,0.608,10.7,1.3,16.4,59.8,18.2,39.4,34.8,50.0,0.365,93.0,94.0,61.0,96.0,8.0,7.0,10.0,95.0,10.0,25.0,98.0,32.0,76.0
Aldrem Corredor,625506,MVA,379,329,1B,177,True,0.963,0.343,0.425,0.538,14.2,12.7,15.9,37.6,25.3,49.1,20.2,100.0,0.376,93.0,92.0,93.0,89.0,23.0,81.0,8.0,3.0,36.0,65.0,72.0,88.0,80.0
Anthony García,571685,AGS,300,256,OF,142,True,0.953,0.309,0.398,0.555,19.7,11.3,27.1,46.3,38.3,37.3,18.4,75.0,0.346,93.0,79.0,83.0,91.0,49.0,71.0,58.0,43.0,87.0,18.0,57.0,60.0,66.0
Ramon Hernandez,650346,MVA,364,329,IF,188,True,0.945,0.313,0.374,0.571,19.8,6.9,22.9,46.2,30.9,36.7,22.0,66.7,0.342,92.0,81.0,69.0,93.0,50.0,34.0,38.0,42.0,66.0,17.0,80.0,50.0,65.0
Blake Rutherford,666164,TIJ,85,74,LF,45,False,0.945,0.257,0.337,0.608,17.6,7.1,36.4,59.4,29.5,54.1,11.5,,0.231,92.0,45.0,48.0,96.0,41.0,35.0,87.0,95.0,60.0,79.0,18.0,,13.0
Luke Voit,572228,TAB,339,278,1B,154,True,0.945,0.27,0.391,0.554,22.4,15.3,34.0,48.6,40.8,38.3,14.1,100.0,0.286,92.0,53.0,80.0,91.0,61.0,92.0,84.0,56.0,93.0,21.0,28.0,88.0,29.0
Aaron Altherr,571437,LAG,187,147,CF,78,False,0.943,0.259,0.412,0.531,31.0,17.1,38.5,40.8,34.4,36.7,17.8,100.0,0.358,92.0,46.0,89.0,88.0,84.0,97.0,90.0,11.0,80.0,17.0,52.0,88.0,72.0
Balbino Fuenmayor,515768,MVA,262,240,1B,137,True,0.941,0.346,0.37,0.571,22.1,3.8,33.9,64.0,35.3,38.9,18.9,,0.395,91.0,93.0,67.0,93.0,59.0,12.0,83.0,98.0,83.0,23.0,61.0,,88.0
Kyle Martin,657674,OAX,322,273,1B,151,True,0.941,0.278,0.388,0.553,21.7,13.0,30.1,46.7,47.3,24.1,19.7,100.0,0.302,91.0,59.0,77.0,91.0,57.0,83.0,71.0,45.0,96.0,3.0,67.0,88.0,38.0
Danry Vasquez,606281,LAR,374,330,RF,175,True,0.94,0.339,0.41,0.53,15.2,10.2,16.4,46.1,29.0,47.1,19.9,70.0,0.394,91.0,91.0,88.0,88.0,28.0,61.0,10.0,41.0,56.0,58.0,68.0,55.0,87.0
Tito Polo,622738,VER,145,126,OF,66,False,0.939,0.349,0.415,0.524,22.1,5.5,31.8,52.3,23.5,45.9,24.5,58.3,0.446,91.0,94.0,90.0,87.0,59.0,22.0,77.0,76.0,28.0,51.0,88.0,41.0,96.0
Lazaro Alonso,672906,DUR,200,167,1B,88,True,0.937,0.299,0.41,0.527,26.5,13.5,31.2,44.8,29.6,49.6,19.1,,0.393,90.0,72.0,88.0,87.0,75.0,87.0,76.0,30.0,60.0,66.0,63.0,,86.0
Oswaldo Arcia,542455,SLT,332,265,LF,138,True,0.937,0.287,0.416,0.521,20.8,15.7,31.6,42.1,41.3,30.8,16.9,66.7,0.332,90.0,66.0,90.0,86.0,53.0,93.0,77.0,15.0,93.0,7.0,44.0,50.0,56.0
Wilfredo Tovar,541600,AGS,395,350,SS,174,True,0.937,0.371,0.44,0.497,7.1,9.9,12.8,40.8,23.1,45.7,25.3,44.4,0.39,90.0,98.0,97.0,82.0,2.0,58.0,4.0,11.0,27.0,50.0,91.0,25.0,85.0
Chris Carter,474892,PUE,303,242,1B,130,True,0.936,0.26,0.399,0.537,33.3,18.8,39.1,43.3,41.7,29.9,20.1,,0.362,90.0,47.0,83.0,89.0,88.0,98.0,92.0,23.0,93.0,6.0,71.0,,74.0
Juan Camacho,660518,JAL,26,24,C,15,False,0.933,0.25,0.308,0.625,19.2,7.7,36.4,53.0,42.1,47.4,5.3,,0.188,90.0,39.0,28.0,97.0,47.0,40.0,87.0,80.0,95.0,59.0,8.0,,5.0
Kennys Vargas,573627,LAR,382,323,IF,167,True,0.933,0.316,0.416,0.517,25.1,13.4,30.6,45.0,29.7,46.3,17.0,,0.407,90.0,82.0,90.0,86.0,71.0,86.0,73.0,33.0,61.0,53.0,45.0,,92.0
Yosmany Guerra,626843,QRO,288,241,SS,116,True,0.932,0.349,0.451,0.481,9.7,14.6,14.6,39.5,29.4,43.5,24.8,50.0,0.383,89.0,94.0,98.0,78.0,5.0,91.0,6.0,7.0,59.0,42.0,89.0,32.0,82.0
Moises Gutierrez,605011,MEX,179,155,2B,86,False,0.932,0.31,0.377,0.555,29.6,9.5,30.9,51.3,30.6,36.1,28.7,33.3,0.417,89.0,79.0,71.0,91.0,83.0,55.0,75.0,71.0,65.0,16.0,95.0,20.0,93.0
Carlos Castro,622603,TIG,173,163,C,96,False,0.93,0.301,0.341,0.589,24.3,4.6,29.8,52.0,27.3,46.3,19.0,100.0,0.333,89.0,74.0,51.0,95.0,69.0,16.0,70.0,75.0,48.0,53.0,61.0,88.0,59.0
Julian Ornelas,676140,MEX,343,306,OF,168,True,0.928,0.32,0.379,0.549,15.5,8.7,20.9,47.7,27.9,41.5,22.5,53.8,0.339,88.0,84.0,72.0,90.0,30.0,48.0,29.0,50.0,50.0,32.0,82.0,40.0,62.0
Alen Hanson,593700,QRO,359,328,2B,181,True,0.927,0.335,0.375,0.552,14.5,5.6,22.9,50.3,32.0,41.5,17.3,61.5,0.356,88.0,90.0,70.0,90.0,24.0,23.0,38.0,67.0,70.0,32.0,48.0,44.0,72.0
Seuly Matias,665890,CHI,79,67,OF,35,False,0.927,0.313,0.405,0.522,25.3,8.9,38.8,49.8,18.8,50.0,31.2,0.0,0.4,88.0,81.0,85.0,87.0,72.0,50.0,91.0,63.0,11.0,68.0,97.0,7.0,90.0
Peter O'Brien,598284,PUE,302,263,OF,147,True,0.927,0.285,0.368,0.559,33.4,9.3,41.4,54.1,29.7,37.6,28.5,100.0,0.396,88.0,64.0,66.0,92.0,89.0,53.0,95.0,85.0,61.0,19.0,95.0,88.0,88.0
Andretty Cordero,650957,AGS,402,363,IF,195,True,0.926,0.342,0.389,0.537,12.9,7.2,26.4,51.9,26.0,46.7,20.4,66.7,0.365,87.0,92.0,78.0,89.0,16.0,36.0,54.0,74.0,41.0,56.0,73.0,50.0,76.0
José Martínez,500874,YUC,47,40,RF,20,False,0.926,0.35,0.426,0.5,12.8,10.6,19.2,40.8,25.7,42.9,22.9,,0.382,87.0,94.0,93.0,83.0,15.0,65.0,22.0,11.0,37.0,38.0,83.0,,82.0
Henry Urrutia,625329,LEO,326,288,OF,144,True,0.926,0.358,0.426,0.5,14.7,10.4,23.9,50.6,26.4,41.3,29.3,66.7,0.409,87.0,96.0,93.0,83.0,26.0,63.0,44.0,69.0,43.0,31.0,95.0,50.0,93.0
Daniel Palka,594953,LAG,164,141,1B,78,False,0.925,0.298,0.372,0.553,21.3,11.6,28.1,46.1,28.2,43.6,20.0,,0.32,87.0,71.0,68.0,91.0,55.0,74.0,63.0,41.0,53.0,43.0,69.0,,50.0
Victor Mendoza,628013,MTY,314,268,1B,140,True,0.92,0.31,0.398,0.522,17.2,13.4,21.0,42.6,29.8,45.0,17.9,100.0,0.345,86.0,79.0,83.0,87.0,39.0,86.0,30.0,18.0,62.0,49.0,53.0,88.0,66.0
Renato Núñez,600524,OAX,54,49,1B,26,False,0.92,0.327,0.389,0.531,14.8,7.4,20.4,50.8,26.8,46.3,17.1,100.0,0.342,86.0,87.0,78.0,88.0,26.0,37.0,26.0,70.0,45.0,53.0,46.0,88.0,65.0
Abraham Almonte,501659,TAB,366,288,OF,142,True,0.918,0.274,0.425,0.493,16.7,20.2,21.3,39.5,29.3,38.0,18.3,100.0,0.3,86.0,57.0,93.0,81.0,35.0,98.0,31.0,7.0,58.0,20.0,57.0,88.0,36.0
Taylor Motter,600301,YUC,165,152,2B,86,False,0.918,0.303,0.352,0.566,24.2,7.3,23.8,42.3,35.4,27.4,24.8,100.0,0.343,86.0,77.0,56.0,93.0,68.0,37.0,43.0,16.0,83.0,5.0,89.0,88.0,65.0
Dwight Smith Jr.,596105,JAL,321,265,LF,133,True,0.915,0.302,0.413,0.502,19.6,15.9,28.1,39.4,32.5,43.7,19.4,62.5,0.356,86.0,75.0,89.0,84.0,48.0,94.0,63.0,6.0,72.0,44.0,64.0,45.0,72.0
Anthony Giansanti,572868,TIJ,257,220,LF,116,True,0.912,0.282,0.385,0.527,18.7,13.2,28.2,42.6,34.3,39.5,15.1,75.0,0.317,85.0,62.0,76.0,87.0,46.0,84.0,63.0,18.0,79.0,26.0,33.0,60.0,46.0
Pedro Castellano,681482,OAX,109,94,IF,49,False,0.91,0.298,0.389,0.521,29.4,11.0,32.1,51.6,41.3,44.4,12.7,100.0,0.414,85.0,71.0,78.0,86.0,82.0,68.0,78.0,73.0,93.0,46.0,20.0,88.0,93.0
Fernando Villegas,679589,SLT,368,317,OF,159,True,0.908,0.328,0.406,0.502,14.4,9.5,28.5,49.8,25.9,44.4,23.0,50.0,0.358,85.0,88.0,86.0,84.0,24.0,55.0,66.0,63.0,40.0,46.0,84.0,32.0,72.0
Juan Carlos Gamboa,585251,MEX,304,256,SS,124,True,0.907,0.324,0.423,0.484,19.1,13.2,21.2,42.5,21.3,44.1,24.3,83.3,0.398,85.0,86.0,92.0,78.0,47.0,84.0,31.0,17.0,20.0,46.0,87.0,69.0,89.0
Kelvin Gutiérrez,642721,QRO,370,321,3B,159,True,0.903,0.333,0.408,0.495,14.6,10.0,21.9,43.0,19.1,58.5,20.6,46.2,0.368,84.0,89.0,86.0,82.0,25.0,59.0,34.0,21.0,12.0,88.0,74.0,26.0,77.0
Raudy Read,600466,PUE,264,248,1B,143,True,0.903,0.29,0.326,0.577,18.6,3.8,28.7,52.4,30.8,42.3,18.9,,0.299,84.0,66.0,41.0,94.0,45.0,12.0,67.0,77.0,65.0,36.0,61.0,,35.0
Sergio Perez,547375,AGS,57,52,CF,25,False,0.902,0.365,0.421,0.481,21.1,7.0,32.2,55.4,22.5,52.5,22.5,,0.462,84.0,97.0,91.0,78.0,54.0,34.0,79.0,89.0,25.0,76.0,82.0,,97.0
Manuel Boscan,598724,DUR,387,336,2B,165,True,0.9,0.327,0.409,0.491,11.9,9.8,19.5,46.7,33.1,41.6,18.1,64.3,0.355,83.0,87.0,87.0,80.0,12.0,57.0,24.0,45.0,74.0,32.0,54.0,46.0,71.0
Sam Travis,607752,DUR,385,334,1B,157,True,0.9,0.35,0.43,0.47,11.7,10.9,17.7,45.8,25.7,44.9,22.3,44.4,0.394,83.0,94.0,95.0,74.0,11.0,67.0,15.0,39.0,37.0,48.0,81.0,25.0,87.0
Yadir Drake,660436,YUC,289,260,OF,139,True,0.898,0.312,0.363,0.535,9.3,6.9,17.3,51.2,27.1,44.6,18.3,50.0,0.303,83.0,80.0,63.0,89.0,5.0,34.0,14.0,71.0,47.0,47.0,57.0,32.0,38.0
José Pirela,517369,MEX,87,75,LF,36,False,0.894,0.333,0.414,0.48,16.1,6.9,27.5,45.8,25.8,58.1,11.3,100.0,0.383,83.0,89.0,90.0,77.0,32.0,34.0,60.0,39.0,39.0,87.0,17.0,88.0,82.0
Diosbel Arias,677690,MEX,196,174,1B,86,True,0.891,0.328,0.397,0.494,19.9,10.2,23.4,41.9,21.9,46.7,29.9,100.0,0.4,83.0,88.0,82.0,81.0,50.0,61.0,41.0,14.0,22.0,56.0,96.0,88.0,90.0
Nomar Mazara,608577,MTY,313,270,OF,134,True,0.886,0.307,0.39,0.496,16.9,10.9,24.7,46.4,29.9,43.9,19.9,100.0,0.349,82.0,78.0,79.0,82.0,37.0,67.0,48.0,43.0,63.0,45.0,68.0,88.0,68.0
Christopher Escarrega,692473,MTY,48,45,C,22,False,0.885,0.356,0.396,0.489,25.0,6.3,26.0,57.1,21.2,39.4,21.2,,0.485,82.0,95.0,82.0,80.0,71.0,29.0,52.0,93.0,19.0,25.0,75.0,,98.0
James Nelson,663445,DUR,355,290,3B,133,True,0.884,0.297,0.425,0.459,18.0,16.9,24.4,43.0,32.3,42.9,20.4,68.8,0.355,82.0,70.0,93.0,70.0,42.0,96.0,46.0,21.0,71.0,38.0,73.0,54.0,71.0
Roel Santos,661270,TAB,248,214,OF,101,True,0.884,0.336,0.412,0.472,13.3,10.5,16.1,40.2,28.0,47.3,17.7,64.7,0.383,82.0,90.0,89.0,75.0,18.0,64.0,9.0,9.0,51.0,58.0,51.0,46.0,82.0
Daniel Cornejo,674496,AGS,165,150,OF,74,False,0.883,0.353,0.39,0.493,21.8,6.1,23.6,46.8,28.8,41.5,25.4,66.7,0.443,81.0,95.0,79.0,81.0,58.0,28.0,42.0,46.0,55.0,32.0,91.0,50.0,96.0
Aristides Aquino,606157,MEX,259,220,RF,108,True,0.881,0.295,0.39,0.491,23.2,13.1,32.1,50.6,27.0,39.9,23.9,83.3,0.364,81.0,69.0,79.0,80.0,64.0,83.0,78.0,69.0,46.0,26.0,86.0,69.0,75.0
Julian Escobedo,686659,LAG,191,159,CF,80,False,0.881,0.277,0.378,0.503,18.3,12.6,20.1,43.5,35.7,43.4,13.2,66.7,0.322,81.0,58.0,72.0,84.0,44.0,81.0,25.0,24.0,84.0,42.0,23.0,50.0,51.0
Rangel Ravelo,592660,LAR,92,74,1B,37,False,0.88,0.257,0.38,0.5,14.1,12.0,18.9,43.2,34.9,50.8,11.1,,0.241,81.0,45.0,73.0,83.0,22.0,77.0,21.0,22.0,81.0,72.0,17.0,,15.0
Carlos Franco,554238,VER,308,253,1B,123,True,0.879,0.273,0.393,0.486,20.8,16.9,27.3,43.7,39.1,46.9,10.9,100.0,0.317,80.0,56.0,81.0,79.0,53.0,96.0,59.0,25.0,89.0,57.0,16.0,88.0,46.0
Ramón Flores,570717,MEX,191,161,OF,73,True,0.877,0.323,0.424,0.453,16.2,14.7,18.4,37.9,22.9,46.6,19.1,66.7,0.392,80.0,86.0,92.0,68.0,33.0,91.0,19.0,3.0,26.0,55.0,63.0,50.0,86.0
Juan Centeno,518542,SLT,147,121,C,53,False,0.876,0.347,0.438,0.438,16.3,11.6,24.3,44.3,25.7,41.6,26.7,,0.418,80.0,93.0,97.0,64.0,33.0,74.0,46.0,28.0,37.0,32.0,93.0,,93.0
Donny Sands,664848,TIJ,138,120,C,59,False,0.876,0.292,0.384,0.492,24.6,13.0,27.9,42.7,32.6,36.0,26.7,50.0,0.354,80.0,68.0,75.0,81.0,70.0,83.0,61.0,18.0,72.0,16.0,93.0,32.0,70.0
Jimmy Kerrigan,677965,LEO,401,359,OF,187,True,0.875,0.295,0.354,0.521,24.4,6.7,30.4,54.9,29.9,38.1,22.4,83.3,0.361,80.0,69.0,57.0,86.0,70.0,32.0,72.0,88.0,63.0,20.0,82.0,69.0,74.0
Bobby Bradley,656252,TIJ,340,273,1B,126,True,0.874,0.271,0.412,0.462,24.1,16.5,29.9,37.9,24.5,48.4,21.9,50.0,0.341,79.0,54.0,89.0,70.0,68.0,95.0,70.0,3.0,30.0,63.0,79.0,32.0,64.0
Phillip Evans,595943,TIJ,79,68,3B,31,False,0.874,0.324,0.418,0.456,12.7,11.4,20.8,42.6,25.9,32.8,31.0,,0.345,79.0,86.0,91.0,69.0,14.0,72.0,28.0,18.0,40.0,9.0,96.0,,66.0
Carlos Sepulveda,661148,MEX,184,153,2B,66,False,0.873,0.34,0.442,0.431,10.9,13.6,10.2,38.3,18.4,52.9,24.3,85.7,0.386,79.0,91.0,98.0,61.0,9.0,88.0,1.0,4.0,11.0,76.0,87.0,71.0,84.0
Arturo Rodriguez,585133,SLT,61,51,C,26,False,0.872,0.333,0.362,0.51,16.4,6.6,27.8,50.2,40.4,31.9,19.1,,0.372,79.0,89.0,63.0,85.0,34.0,31.0,61.0,66.0,92.0,8.0,63.0,,79.0
Yariel Gonzalez,670582,OAX,265,244,2B,125,True,0.87,0.311,0.358,0.512,15.5,7.2,21.7,53.6,31.2,38.5,20.0,0.0,0.335,78.0,80.0,60.0,85.0,30.0,36.0,33.0,83.0,67.0,22.0,69.0,7.0,61.0
Yadiel Hernandez,628450,LAR,399,340,LF,163,True,0.87,0.3,0.391,0.479,19.5,13.5,25.5,42.9,34.8,46.4,14.6,100.0,0.348,78.0,73.0,80.0,77.0,48.0,87.0,51.0,20.0,81.0,54.0,31.0,88.0,68.0
Leobaldo Cabrera,660659,AGS,315,269,OF,131,True,0.867,0.29,0.38,0.487,21.9,12.4,28.7,42.0,24.9,42.9,21.5,78.6,0.342,78.0,66.0,73.0,79.0,58.0,79.0,67.0,15.0,32.0,38.0,77.0,64.0,65.0
Anthony Alford,546990,CAM,150,133,OF,68,False,0.864,0.271,0.353,0.511,34.7,10.7,38.1,53.6,45.7,25.9,19.8,100.0,0.384,78.0,54.0,57.0,85.0,90.0,65.0,89.0,83.0,96.0,4.0,67.0,88.0,83.0
Yorman Rodriguez,660857,LEO,157,138,C,66,False,0.861,0.319,0.383,0.478,10.8,8.3,21.1,48.7,24.8,52.8,16.0,100.0,0.333,77.0,83.0,74.0,77.0,8.0,44.0,30.0,56.0,31.0,76.0,37.0,88.0,59.0
David Rodríguez,630034,TIG,287,247,C,115,True,0.854,0.296,0.388,0.466,24.4,12.2,27.0,42.7,17.9,56.4,20.1,66.7,0.379,77.0,70.0,77.0,71.0,70.0,79.0,58.0,18.0,9.0,85.0,71.0,50.0,81.0
Carlos Soto,666728,MTY,177,145,C,63,False,0.852,0.303,0.418,0.434,21.5,15.8,24.6,44.5,25.7,45.0,22.0,0.0,0.381,77.0,77.0,91.0,62.0,56.0,93.0,47.0,29.0,37.0,49.0,80.0,7.0,82.0
Addison Russell,608365,MVA,363,314,2B,140,True,0.851,0.318,0.405,0.446,14.9,12.4,21.7,45.1,25.2,46.2,18.7,85.7,0.365,77.0,83.0,85.0,66.0,27.0,79.0,33.0,34.0,36.0,52.0,59.0,71.0,76.0
Cristian Santana,655996,CHI,179,168,3B,81,False,0.851,0.333,0.369,0.482,18.4,4.5,26.2,48.9,25.7,52.2,19.1,50.0,0.389,77.0,89.0,67.0,78.0,44.0,16.0,53.0,58.0,37.0,75.0,63.0,32.0,85.0
Cristhian Adames,542436,PUE,368,312,SS,138,True,0.848,0.301,0.406,0.442,13.3,14.4,20.9,42.8,26.1,53.0,17.0,86.7,0.34,76.0,74.0,86.0,65.0,18.0,90.0,29.0,19.0,42.0,77.0,45.0,72.0,63.0
Sebastián Elizalde,590271,MTY,374,329,OF,152,True,0.848,0.316,0.386,0.462,9.6,10.4,16.0,42.9,27.9,40.3,20.1,82.4,0.332,76.0,82.0,76.0,70.0,5.0,63.0,8.0,20.0,50.0,28.0,71.0,67.0,56.0
Sebastian Valle,516679,SLT,134,120,C,64,False,0.848,0.258,0.315,0.533,33.6,6.0,39.3,53.2,31.6,41.8,15.2,,0.333,76.0,46.0,33.0,88.0,90.0,27.0,92.0,81.0,69.0,33.0,34.0,,59.0
Luis Juarez,550492,YUC,251,224,C,110,True,0.846,0.286,0.355,0.491,16.7,9.2,21.6,49.2,33.2,39.1,18.5,,0.31,75.0,65.0,58.0,80.0,35.0,53.0,33.0,60.0,74.0,24.0,58.0,,43.0
Alejandro Mejia,606143,SLT,354,318,3B,160,True,0.845,0.28,0.342,0.503,27.7,8.5,34.9,51.6,21.9,50.0,18.3,40.0,0.341,75.0,60.0,51.0,84.0,78.0,46.0,85.0,73.0,22.0,68.0,57.0,23.0,64.0
Ramiro Pena,455369,MTY,324,278,2B,131,True,0.844,0.302,0.373,0.471,11.4,8.3,17.6,45.7,27.1,44.7,20.4,80.0,0.328,75.0,75.0,69.0,74.0,10.0,44.0,15.0,38.0,47.0,47.0,73.0,65.0,54.0
Yeison Asencio,593772,SLT,74,71,RF,33,False,0.843,0.352,0.378,0.465,12.2,4.1,25.2,57.5,21.0,53.2,19.4,,0.393,75.0,95.0,72.0,71.0,13.0,14.0,50.0,94.0,19.0,77.0,64.0,,86.0
Yermín Mercedes,606213,SLT,317,283,DH,133,True,0.842,0.3,0.372,0.47,16.7,8.5,30.5,53.3,35.1,39.0,18.6,88.9,0.336,74.0,73.0,68.0,74.0,35.0,46.0,72.0,81.0,82.0,24.0,58.0,73.0,61.0
Rainel Rosario,501731,LEO,331,282,LF,128,True,0.841,0.291,0.387,0.454,14.8,12.4,25.4,46.1,30.5,43.6,19.5,25.0,0.316,74.0,67.0,77.0,69.0,26.0,79.0,51.0,41.0,65.0,43.0,65.0,16.0,45.0
Roberto Valenzuela,672438,MTY,330,296,2B,139,True,0.841,0.301,0.371,0.47,11.5,8.8,15.8,44.9,25.9,49.0,18.5,85.7,0.321,74.0,74.0,68.0,74.0,10.0,49.0,7.0,31.0,40.0,65.0,58.0,71.0,51.0
J.J. Matijevic,656695,DUR,274,243,1B,109,True,0.84,0.321,0.391,0.449,19.7,9.9,25.1,45.1,25.7,51.8,18.8,40.0,0.399,74.0,85.0,80.0,67.0,49.0,58.0,49.0,34.0,37.0,74.0,60.0,23.0,89.0
Norberto Obeso,650995,YUC,257,212,OF,87,True,0.84,0.311,0.43,0.41,13.6,16.3,15.7,43.0,22.5,56.2,20.2,66.7,0.366,74.0,80.0,95.0,55.0,20.0,94.0,7.0,21.0,25.0,85.0,72.0,50.0,77.0
Miguel Guzman,634739,PUE,364,339,3B,161,True,0.839,0.336,0.364,0.475,8.8,4.1,18.6,56.7,24.1,49.5,19.0,45.5,0.35,73.0,90.0,64.0,75.0,4.0,14.0,19.0,92.0,29.0,66.0,61.0,25.0,69.0
Santiago Chávez,622700,MVA,103,89,C,42,False,0.838,0.303,0.366,0.472,27.2,9.7,30.7,50.4,23.1,46.2,20.0,0.0,0.4,73.0,77.0,66.0,75.0,77.0,56.0,74.0,67.0,27.0,52.0,69.0,7.0,90.0
Carlos Paulino,544827,QRO,153,130,C,63,False,0.836,0.254,0.351,0.485,25.5,11.8,34.1,49.2,23.4,53.2,17.0,,0.298,73.0,43.0,55.0,79.0,72.0,76.0,84.0,60.0,28.0,77.0,45.0,,35.0
Allen Córdoba,642707,LAG,338,273,SS,115,True,0.833,0.304,0.412,0.421,13.3,11.5,19.6,41.0,26.6,54.8,14.9,58.8,0.348,72.0,77.0,89.0,59.0,18.0,73.0,24.0,12.0,44.0,81.0,32.0,41.0,68.0
Asael Sanchez,661313,MTY,167,140,OF,62,False,0.833,0.286,0.39,0.443,21.6,12.6,28.5,40.8,22.4,52.3,18.7,100.0,0.354,72.0,65.0,79.0,65.0,56.0,81.0,66.0,11.0,24.0,75.0,59.0,88.0,70.0
Christian Villanueva,570799,MTY,292,259,3B,121,True,0.833,0.301,0.366,0.467,17.1,7.5,26.2,52.4,33.3,41.3,17.4,66.7,0.341,72.0,74.0,66.0,72.0,38.0,38.0,53.0,77.0,76.0,31.0,49.0,50.0,64.0
Hendrik Clementina,649955,LAG,51,46,C,22,False,0.831,0.283,0.353,0.478,39.2,7.8,41.9,47.2,34.6,46.2,15.4,0.0,0.48,72.0,63.0,57.0,77.0,93.0,40.0,96.0,48.0,80.0,52.0,34.0,7.0,98.0
Jesse Castillo,477399,QRO,334,288,3B,126,True,0.83,0.309,0.392,0.438,9.3,11.7,16.3,48.1,33.3,35.2,21.5,100.0,0.32,72.0,79.0,81.0,64.0,5.0,75.0,10.0,52.0,76.0,14.0,77.0,88.0,50.0
Antonio Castaneda,692270,OAX,7,5,OF,2,False,0.829,0.2,0.429,0.4,14.3,28.6,20.0,35.7,25.0,50.0,25.0,,0.25,71.0,18.0,94.0,50.0,23.0,100.0,25.0,2.0,33.0,68.0,90.0,,18.0
Magneuris Sierra,642423,MVA,277,252,CF,118,True,0.829,0.321,0.361,0.468,17.3,5.4,23.9,49.8,21.6,54.9,13.1,88.2,0.38,71.0,85.0,62.0,72.0,40.0,21.0,44.0,63.0,21.0,81.0,22.0,72.0,81.0
Alan Garcia,664739,LEO,107,98,RF,46,False,0.827,0.327,0.358,0.469,18.7,5.6,25.2,53.9,28.4,38.3,27.2,100.0,0.385,71.0,87.0,60.0,73.0,46.0,23.0,50.0,85.0,53.0,21.0,94.0,88.0,84.0
Robbie Glendinning,674671,DUR,156,134,SS,63,False,0.827,0.261,0.357,0.47,32.7,12.8,39.5,45.8,36.5,45.9,16.5,0.0,0.377,71.0,48.0,59.0,74.0,87.0,82.0,93.0,39.0,86.0,51.0,41.0,7.0,80.0
Saul Garza,676941,TIJ,187,163,C,76,False,0.826,0.276,0.36,0.466,31.6,6.4,38.1,52.2,29.2,37.7,24.5,100.0,0.388,70.0,58.0,61.0,71.0,85.0,30.0,89.0,76.0,57.0,19.0,88.0,88.0,85.0
Leonardo Reginatto,553891,AGS,332,289,3B,131,True,0.826,0.291,0.373,0.453,18.4,11.1,22.9,40.0,28.1,36.8,26.8,70.0,0.332,70.0,67.0,69.0,68.0,44.0,69.0,38.0,8.0,52.0,17.0,94.0,55.0,56.0
Jonathan Morales,664966,MTY,90,76,C,37,False,0.824,0.276,0.337,0.487,14.4,8.9,22.5,46.5,29.0,53.6,13.0,0.0,0.279,70.0,58.0,48.0,79.0,24.0,50.0,36.0,44.0,56.0,79.0,21.0,7.0,26.0
Cade Gotta,657598,LAR,433,367,OF,154,True,0.822,0.302,0.402,0.42,15.2,13.2,19.8,39.6,19.7,55.6,14.5,76.7,0.35,69.0,75.0,84.0,58.0,28.0,84.0,24.0,7.0,15.0,83.0,30.0,63.0,69.0
Connor Panas,664768,CAM,307,259,RF,121,True,0.822,0.247,0.355,0.467,16.9,11.1,25.0,48.8,41.9,33.3,9.5,60.0,0.255,69.0,36.0,58.0,72.0,37.0,69.0,49.0,57.0,94.0,11.0,12.0,43.0,20.0
Aneury Tavárez,606477,TIJ,417,375,OF,173,True,0.822,0.299,0.361,0.461,19.7,6.5,27.8,53.9,21.5,48.3,20.1,75.0,0.364,69.0,72.0,62.0,70.0,49.0,30.0,61.0,85.0,20.0,62.0,71.0,60.0,75.0
Albert Lara,804107,LAG,158,143,IF,63,False,0.818,0.336,0.377,0.441,13.9,5.7,17.6,52.2,27.0,53.2,13.5,40.0,0.388,69.0,90.0,71.0,65.0,22.0,25.0,15.0,76.0,46.0,77.0,26.0,23.0,85.0
Jonathan Schoop,570731,LAG,340,293,2B,139,True,0.818,0.253,0.344,0.474,22.1,10.6,29.7,50.5,34.2,38.3,16.2,33.3,0.285,69.0,42.0,52.0,75.0,59.0,65.0,70.0,68.0,79.0,21.0,38.0,20.0,28.0
Luis Sardinas,596143,LAR,355,315,SS,151,True,0.817,0.283,0.338,0.479,13.5,6.5,17.1,48.7,33.8,46.0,13.3,53.3,0.291,68.0,63.0,49.0,77.0,20.0,30.0,13.0,56.0,78.0,52.0,24.0,39.0,31.0
Jonathan Villar,542340,LAG,376,326,2B,136,True,0.816,0.325,0.399,0.417,14.9,9.8,21.6,47.2,19.7,61.6,13.3,80.0,0.384,68.0,87.0,83.0,57.0,27.0,57.0,33.0,48.0,15.0,92.0,24.0,65.0,83.0
Rubén Tejada,514913,YUC,279,235,2B,96,True,0.814,0.298,0.405,0.409,15.4,13.6,17.3,41.8,34.7,38.3,21.8,100.0,0.349,68.0,71.0,85.0,54.0,29.0,88.0,14.0,14.0,81.0,21.0,79.0,88.0,68.0
Harold Castro,605612,TIJ,363,331,2B,148,True,0.813,0.32,0.366,0.447,15.7,6.6,20.3,45.7,33.1,38.8,23.8,50.0,0.37,68.0,84.0,66.0,67.0,30.0,31.0,26.0,38.0,74.0,23.0,85.0,32.0,79.0
Jesus Loya,593432,CHI,118,108,OF,47,False,0.811,0.343,0.376,0.435,11.9,5.9,20.9,50.6,26.8,50.5,15.5,0.0,0.372,67.0,92.0,70.0,63.0,12.0,26.0,29.0,69.0,45.0,71.0,35.0,7.0,79.0
Junior Lake,516809,TIJ,366,315,OF,144,True,0.81,0.257,0.353,0.457,21.0,12.3,28.3,44.8,26.1,49.4,17.4,75.0,0.293,67.0,45.0,57.0,69.0,54.0,79.0,64.0,30.0,42.0,66.0,49.0,60.0,33.0
Luis Barrera,642456,OAX,305,268,OF,117,True,0.809,0.306,0.372,0.437,14.4,8.9,16.9,47.5,21.6,56.5,17.7,94.1,0.356,67.0,78.0,68.0,63.0,24.0,50.0,13.0,49.0,21.0,85.0,51.0,74.0,72.0
Herlis Rodriguez,607439,VER,414,355,CF,148,True,0.809,0.301,0.392,0.417,18.4,10.9,23.1,44.9,23.9,51.1,18.0,80.0,0.37,67.0,74.0,81.0,57.0,44.0,67.0,39.0,31.0,29.0,73.0,54.0,65.0,79.0
Ali Solis,455378,QRO,146,133,C,66,False,0.806,0.256,0.31,0.496,32.2,6.8,36.2,51.5,34.1,42.0,18.2,,0.329,66.0,44.0,29.0,82.0,86.0,33.0,87.0,72.0,78.0,34.0,55.0,,55.0
Niko Vasquez,543875,TIJ,338,286,3B,121,True,0.806,0.28,0.383,0.423,19.5,14.2,29.2,41.0,25.1,46.6,19.7,,0.336,66.0,60.0,74.0,60.0,48.0,90.0,68.0,12.0,35.0,55.0,67.0,,61.0
Leobaldo Piña,600951,CHI,369,329,IF,139,True,0.805,0.316,0.383,0.422,13.6,9.2,15.7,39.4,25.2,47.9,19.5,28.6,0.366,66.0,82.0,74.0,59.0,20.0,53.0,7.0,6.0,36.0,61.0,65.0,18.0,77.0
Jefry Marte,527043,LEO,99,80,1B,36,False,0.804,0.2,0.354,0.45,16.2,16.2,19.2,35.5,29.7,40.6,17.2,,0.172,66.0,18.0,57.0,67.0,33.0,94.0,22.0,2.0,61.0,28.0,47.0,,5.0
Jose Carlos Urena,614182,OAX,266,239,LF,113,True,0.804,0.255,0.331,0.473,23.3,9.4,33.0,45.6,35.6,47.5,13.6,33.3,0.284,66.0,43.0,44.0,75.0,65.0,54.0,81.0,37.0,84.0,59.0,27.0,20.0,28.0
Edgar Bravo,702090,CAM,126,112,IF,49,False,0.803,0.295,0.365,0.438,21.4,7.9,20.6,43.9,38.4,33.7,16.3,66.7,0.369,65.0,69.0,65.0,64.0,56.0,41.0,27.0,26.0,88.0,13.0,39.0,50.0,78.0
Ali Castillo,542419,LAR,417,371,2B,156,True,0.802,0.321,0.382,0.42,6.2,8.9,10.7,43.6,25.0,56.0,10.8,71.4,0.333,65.0,85.0,73.0,58.0,1.0,50.0,2.0,24.0,33.0,84.0,16.0,56.0,59.0
Jack Mayfield,608686,TIJ,298,268,2B,117,True,0.802,0.302,0.365,0.437,16.1,8.1,22.7,50.3,31.4,39.0,22.0,60.0,0.352,65.0,75.0,65.0,63.0,32.0,42.0,37.0,67.0,68.0,24.0,80.0,43.0,70.0
Jose Cardona,606580,MTY,363,327,CF,144,True,0.801,0.297,0.361,0.44,11.3,7.2,16.6,46.9,29.8,46.7,15.6,72.2,0.323,64.0,70.0,62.0,64.0,9.0,36.0,11.0,47.0,62.0,56.0,35.0,56.0,52.0
Logan Moore,607355,MVA,251,216,C,96,True,0.801,0.269,0.357,0.444,23.5,11.2,32.7,48.2,29.4,40.6,18.1,0.0,0.327,64.0,53.0,59.0,66.0,66.0,70.0,80.0,53.0,59.0,28.0,54.0,7.0,54.0
Matt Adams,571431,TIJ,243,224,1B,110,True,0.8,0.272,0.309,0.491,26.3,5.3,32.2,53.6,30.3,32.7,25.5,,0.32,64.0,55.0,29.0,80.0,74.0,21.0,79.0,83.0,64.0,9.0,92.0,,50.0
Alan Espinoza,587275,VER,220,192,C,87,True,0.8,0.276,0.347,0.453,15.9,8.6,22.7,51.2,29.4,43.6,20.2,0.0,0.312,64.0,58.0,53.0,68.0,31.0,47.0,37.0,71.0,59.0,43.0,72.0,7.0,43.0
Webster Rivas,593590,YUC,250,221,1B,97,True,0.799,0.281,0.36,0.439,21.2,10.8,23.2,46.7,35.5,32.5,23.7,0.0,0.34,64.0,61.0,61.0,64.0,55.0,66.0,40.0,45.0,83.0,9.0,85.0,7.0,63.0
Xavier Fernández,641569,MEX,22,18,C,7,False,0.798,0.333,0.409,0.389,13.6,13.6,25.6,52.7,50.0,31.2,18.8,,0.375,63.0,89.0,87.0,45.0,20.0,88.0,51.0,79.0,97.0,7.0,60.0,,80.0
Marco Chicuate,617918,LEO,246,222,C,93,True,0.795,0.32,0.376,0.419,18.7,7.7,20.7,52.8,20.0,57.2,18.3,0.0,0.393,63.0,84.0,70.0,57.0,46.0,40.0,28.0,80.0,17.0,87.0,57.0,7.0,86.0
Niko Hulsizer,680881,TIG,44,38,LF,19,False,0.795,0.184,0.295,0.5,43.2,13.6,37.1,45.9,47.4,10.5,21.1,100.0,0.25,63.0,14.0,24.0,83.0,95.0,88.0,88.0,40.0,97.0,1.0,75.0,88.0,18.0
Gabriel Lino,593449,OAX,195,179,C,84,True,0.795,0.279,0.326,0.469,26.7,5.1,36.9,54.2,31.8,45.7,16.3,100.0,0.345,63.0,59.0,41.0,73.0,75.0,19.0,88.0,86.0,69.0,50.0,39.0,88.0,66.0
Aldo Nunez,800096,MVA,16,14,2B,5,False,0.795,0.357,0.438,0.357,25.0,6.3,26.9,52.0,10.0,40.0,50.0,66.7,0.5,63.0,96.0,97.0,38.0,71.0,29.0,57.0,75.0,4.0,27.0,99.0,50.0,99.0
Francisco Hernandez,674504,LAG,41,36,OF,15,False,0.792,0.306,0.375,0.417,14.6,4.9,12.3,41.6,25.8,51.6,22.6,,0.367,62.0,78.0,70.0,57.0,25.0,18.0,3.0,13.0,39.0,74.0,83.0,,77.0
Manny Olloque,657705,TIG,122,101,3B,41,False,0.791,0.257,0.385,0.406,27.0,16.4,35.8,36.9,39.7,29.4,25.0,50.0,0.364,61.0,45.0,76.0,52.0,76.0,95.0,87.0,2.0,90.0,6.0,90.0,32.0,75.0
Carlos Peguero,451713,VER,23,20,LF,8,False,0.791,0.3,0.391,0.4,47.8,13.0,38.6,39.3,66.7,33.3,0.0,,0.667,61.0,73.0,80.0,50.0,98.0,83.0,91.0,5.0,99.0,11.0,3.0,,100.0
Francisco Peguero,501317,TAB,307,290,LF,132,True,0.791,0.297,0.336,0.455,16.3,3.9,19.1,52.0,21.7,54.2,17.1,50.0,0.33,61.0,70.0,47.0,69.0,33.0,13.0,21.0,75.0,22.0,80.0,46.0,32.0,56.0
Reynaldo Rodriguez,471906,OAX,365,330,1B,157,True,0.791,0.255,0.315,0.476,18.1,8.2,23.4,52.7,32.8,32.8,16.4,62.5,0.264,61.0,43.0,33.0,76.0,43.0,43.0,41.0,79.0,73.0,9.0,40.0,45.0,23.0
Isaias Tejeda,593471,CAM,119,100,C,43,False,0.791,0.25,0.361,0.43,19.3,13.4,22.1,37.6,34.6,42.3,10.3,,0.274,61.0,39.0,62.0,61.0,47.0,86.0,34.0,3.0,80.0,36.0,15.0,,24.0
Manny Garcia,824627,CHI,315,291,OF,130,True,0.787,0.296,0.34,0.447,13.3,4.8,23.1,55.7,27.3,42.7,23.3,73.7,0.328,61.0,70.0,50.0,67.0,18.0,17.0,39.0,90.0,48.0,37.0,84.0,57.0,54.0
Roy Morales,641896,TAB,185,166,C,66,False,0.786,0.331,0.388,0.398,5.9,5.9,10.9,48.1,31.6,43.0,20.9,60.0,0.353,60.0,88.0,77.0,49.0,1.0,26.0,2.0,52.0,69.0,39.0,74.0,43.0,70.0
Nellie Rodriguez,608364,PUE,99,84,1B,36,False,0.786,0.262,0.357,0.429,36.4,10.1,44.9,39.9,26.0,50.0,20.0,,0.4,60.0,49.0,59.0,60.0,91.0,60.0,97.0,8.0,41.0,68.0,69.0,,90.0
Luis Aviles Jr.,641323,DUR,361,332,SS,154,True,0.783,0.271,0.319,0.464,21.9,6.9,28.0,53.9,35.8,43.2,14.4,76.9,0.316,60.0,54.0,37.0,71.0,58.0,34.0,62.0,85.0,85.0,40.0,30.0,63.0,45.0
Eduardo Diaz,666452,TIG,150,130,CF,61,False,0.782,0.208,0.313,0.469,24.0,10.0,33.3,48.4,39.4,27.7,9.6,100.0,0.212,60.0,22.0,32.0,73.0,68.0,59.0,82.0,54.0,90.0,5.0,13.0,88.0,9.0
Juan Uriarte,660842,DUR,141,128,C,61,False,0.782,0.25,0.305,0.477,27.0,5.7,32.6,54.5,21.7,41.3,21.7,33.3,0.294,60.0,39.0,27.0,76.0,76.0,25.0,80.0,87.0,22.0,31.0,78.0,20.0,33.0
Juan Perez,607372,MVA,324,279,IF,120,True,0.781,0.272,0.351,0.43,17.9,10.2,24.7,46.9,29.1,34.8,21.7,84.2,0.32,59.0,55.0,55.0,61.0,42.0,61.0,48.0,47.0,57.0,13.0,78.0,70.0,50.0
Yairo Muñoz,622168,LAR,224,202,3B,86,True,0.779,0.302,0.353,0.426,15.6,7.6,21.9,55.9,28.7,51.5,13.5,83.3,0.337,59.0,75.0,57.0,60.0,30.0,39.0,34.0,91.0,55.0,73.0,26.0,69.0,61.0
Freddy Galvis,520471,LAR,281,242,SS,104,True,0.775,0.269,0.345,0.43,22.4,11.0,24.2,42.1,37.6,34.9,18.3,50.0,0.328,59.0,53.0,53.0,61.0,61.0,68.0,45.0,15.0,87.0,14.0,57.0,32.0,54.0
Ciro Norzagaray,664021,PUE,82,74,SS,30,False,0.775,0.311,0.37,0.405,17.1,8.5,28.5,45.8,19.7,59.0,14.8,33.3,0.383,59.0,80.0,67.0,52.0,38.0,46.0,66.0,39.0,15.0,89.0,32.0,20.0,82.0
Francisco Peña,506747,CAM,273,236,C,92,True,0.775,0.301,0.385,0.39,12.8,10.3,17.5,46.6,27.3,43.9,18.0,,0.338,59.0,74.0,76.0,46.0,15.0,62.0,14.0,44.0,48.0,45.0,54.0,,62.0
Victor Marquez,802888,DUR,47,38,IF,13,False,0.774,0.342,0.432,0.342,17.0,12.8,20.3,37.5,18.2,60.6,18.2,50.0,0.433,58.0,92.0,96.0,33.0,37.0,82.0,26.0,3.0,10.0,91.0,55.0,32.0,95.0
Didi Gregorius,544369,LAG,318,271,SS,111,True,0.773,0.262,0.363,0.41,11.6,11.6,21.0,48.9,38.4,38.8,13.1,75.0,0.279,58.0,49.0,63.0,55.0,10.0,74.0,30.0,58.0,88.0,23.0,22.0,60.0,26.0
Jose Lizarraga,660840,QRO,59,53,C,24,False,0.769,0.283,0.316,0.453,11.9,0.0,22.4,52.4,24.5,42.9,24.5,,0.304,57.0,63.0,35.0,68.0,12.0,3.0,35.0,77.0,30.0,38.0,88.0,,39.0
Michael Robles,682841,DUR,191,164,IF,67,False,0.769,0.28,0.36,0.409,16.8,9.4,19.4,44.2,24.6,42.8,16.7,50.0,0.326,57.0,60.0,61.0,54.0,36.0,54.0,23.0,27.0,31.0,37.0,42.0,32.0,53.0
Drew Ward,608380,DUR,89,81,1B,35,False,0.769,0.284,0.337,0.432,41.6,7.9,40.7,43.4,24.4,48.9,24.4,0.0,0.476,57.0,64.0,48.0,62.0,94.0,41.0,95.0,23.0,30.0,64.0,88.0,7.0,97.0
Romer Cuadrado,660630,OAX,120,106,RF,47,False,0.768,0.236,0.325,0.443,32.5,11.7,40.0,44.7,32.8,43.3,20.9,,0.311,57.0,30.0,40.0,65.0,87.0,75.0,93.0,29.0,73.0,41.0,74.0,,43.0
Drew Stankiewicz,607733,PUE,266,232,2B,98,True,0.768,0.267,0.346,0.422,22.6,10.5,24.6,42.7,37.9,43.5,13.0,16.7,0.329,57.0,52.0,53.0,59.0,62.0,64.0,47.0,18.0,87.0,42.0,21.0,15.0,55.0
Yonathan Daza,602074,OAX,380,352,CF,148,True,0.767,0.318,0.347,0.42,13.7,3.7,18.7,55.6,24.5,56.5,16.8,80.0,0.359,56.0,83.0,53.0,58.0,21.0,12.0,19.0,90.0,30.0,85.0,44.0,65.0,73.0
Leo Heras,511428,TAB,185,158,OF,63,False,0.767,0.278,0.368,0.399,21.6,11.4,23.6,43.5,26.2,41.0,21.3,68.8,0.359,56.0,59.0,66.0,50.0,56.0,72.0,42.0,24.0,42.0,30.0,76.0,54.0,73.0
Ademar Rifaela,642488,LEO,210,188,LF,78,True,0.767,0.282,0.352,0.415,32.4,7.6,36.2,47.8,23.1,47.1,22.3,100.0,0.419,56.0,62.0,56.0,56.0,86.0,39.0,87.0,51.0,27.0,58.0,81.0,88.0,94.0
Tomás Telis,542513,AGS,231,201,C,77,True,0.766,0.313,0.383,0.383,12.6,9.1,19.0,46.3,18.0,60.7,18.0,50.0,0.358,56.0,81.0,74.0,43.0,14.0,52.0,21.0,43.0,10.0,91.0,54.0,32.0,72.0
Manuel Orduno,655212,VER,18,16,RF,6,False,0.764,0.313,0.389,0.375,16.7,5.6,22.6,44.9,23.1,61.5,7.7,,0.385,55.0,81.0,78.0,40.0,35.0,23.0,36.0,31.0,27.0,92.0,10.0,,84.0
Amilcar Gomez,653248,AGS,21,18,RF,6,False,0.762,0.333,0.429,0.333,23.8,9.5,31.6,52.8,38.5,30.8,30.8,0.0,0.462,55.0,89.0,94.0,30.0,67.0,55.0,77.0,80.0,88.0,7.0,96.0,7.0,97.0
Michael Wing,519434,JAL,148,133,2B,59,False,0.762,0.248,0.318,0.444,23.6,8.1,30.9,45.0,31.3,42.4,19.2,50.0,0.283,55.0,37.0,37.0,66.0,66.0,42.0,75.0,33.0,67.0,36.0,63.0,32.0,27.0
Juan Kirk,675202,PUE,141,122,C,48,False,0.761,0.32,0.368,0.393,14.9,5.7,20.8,50.4,28.4,45.0,16.5,50.0,0.369,55.0,84.0,66.0,47.0,27.0,25.0,28.0,67.0,53.0,49.0,41.0,32.0,78.0
Ramon Rios,540204,AGS,323,299,2B,121,True,0.761,0.321,0.356,0.405,5.0,4.0,12.8,51.7,18.6,55.9,17.2,88.9,0.329,55.0,85.0,58.0,52.0,1.0,13.0,4.0,73.0,11.0,84.0,47.0,73.0,55.0
Angel Aguilar,622758,MVA,195,178,3B,80,True,0.758,0.264,0.309,0.449,23.1,4.1,30.4,52.3,31.4,42.3,18.2,66.7,0.31,54.0,50.0,29.0,67.0,64.0,14.0,72.0,76.0,68.0,36.0,55.0,50.0,43.0
Alejandro Ortiz,554428,CAM,266,242,RF,108,True,0.758,0.269,0.312,0.446,21.8,5.6,26.2,56.2,29.8,50.8,13.6,50.0,0.309,54.0,53.0,31.0,66.0,58.0,23.0,53.0,91.0,62.0,72.0,27.0,32.0,41.0
Tomo Otosaka,678465,YUC,290,237,OF,83,True,0.758,0.295,0.408,0.35,15.2,15.9,17.4,39.9,16.5,67.0,13.5,66.7,0.361,54.0,69.0,86.0,36.0,28.0,94.0,14.0,8.0,7.0,96.0,26.0,50.0,74.0
Missael Rivera,668992,SLT,380,328,IF,129,True,0.758,0.287,0.365,0.393,11.1,8.2,21.4,45.0,24.3,43.2,23.3,60.0,0.316,54.0,66.0,65.0,47.0,9.0,43.0,32.0,33.0,30.0,40.0,84.0,43.0,45.0
Emmanuel Avila,500869,LEO,274,251,2B,104,True,0.757,0.295,0.343,0.414,13.1,5.5,16.0,54.4,22.4,47.9,19.6,33.3,0.324,53.0,69.0,52.0,56.0,17.0,22.0,8.0,87.0,24.0,61.0,66.0,20.0,53.0
Samar Leyva,653001,PUE,154,132,2B,57,False,0.757,0.227,0.325,0.432,8.4,10.4,18.2,47.6,31.1,48.4,10.7,62.5,0.205,53.0,27.0,40.0,62.0,4.0,63.0,18.0,50.0,66.0,63.0,15.0,45.0,8.0
Jermaine Palacios,650339,MTY,260,243,SS,102,True,0.757,0.3,0.337,0.42,25.0,4.6,30.6,56.4,26.5,43.6,24.3,75.0,0.394,53.0,73.0,48.0,58.0,71.0,16.0,73.0,92.0,43.0,43.0,87.0,60.0,87.0
Tres Barrera,668663,TIJ,181,159,C,67,False,0.754,0.258,0.333,0.421,14.4,8.8,22.1,45.7,29.4,41.2,16.9,,0.271,53.0,46.0,46.0,59.0,24.0,49.0,34.0,38.0,59.0,30.0,44.0,,24.0
Aderlin Rodríguez,573669,TIJ,183,162,1B,75,False,0.753,0.216,0.29,0.463,23.5,8.2,35.0,54.2,27.0,49.2,12.3,75.0,0.223,52.0,24.0,21.0,71.0,66.0,43.0,85.0,86.0,46.0,66.0,19.0,60.0,12.0
Kristian Delgado,653245,CHI,161,142,3B,57,False,0.751,0.282,0.35,0.401,17.4,7.5,24.0,44.7,27.1,45.8,19.5,0.0,0.333,52.0,62.0,54.0,50.0,40.0,38.0,45.0,29.0,47.0,51.0,65.0,7.0,59.0
Johneshwy Fargas,641561,SLT,299,273,CF,115,True,0.751,0.282,0.33,0.421,17.7,4.3,26.9,54.3,21.2,45.1,22.6,65.2,0.333,52.0,62.0,43.0,59.0,41.0,15.0,57.0,87.0,19.0,50.0,83.0,47.0,59.0
Odúbel Herrera,546318,MVA,223,198,CF,81,True,0.751,0.263,0.342,0.409,16.6,9.9,27.0,48.4,19.8,54.9,16.0,80.0,0.301,52.0,50.0,51.0,54.0,34.0,58.0,58.0,54.0,16.0,81.0,37.0,65.0,37.0
Juniel Querecuto,578570,OAX,220,198,3B,86,True,0.75,0.268,0.316,0.434,20.9,5.5,27.0,52.7,35.2,44.7,15.7,80.0,0.318,51.0,52.0,35.0,62.0,53.0,22.0,58.0,79.0,82.0,47.0,36.0,65.0,47.0
Edwin Díaz,641521,SLT,236,199,SS,82,True,0.748,0.246,0.336,0.412,27.1,11.0,35.1,49.0,34.5,31.0,26.1,75.0,0.313,51.0,35.0,47.0,55.0,76.0,68.0,86.0,59.0,80.0,7.0,92.0,60.0,44.0
Alberth Martinez,594021,LEO,334,295,LF,120,True,0.748,0.264,0.341,0.407,20.7,9.3,25.5,44.0,26.2,46.7,17.9,66.7,0.32,51.0,50.0,51.0,53.0,52.0,53.0,51.0,26.0,42.0,56.0,53.0,50.0,50.0
José Peraza,606299,YUC,343,315,2B,127,True,0.748,0.302,0.345,0.403,7.9,5.8,12.1,48.8,26.3,43.0,19.8,50.0,0.309,51.0,75.0,53.0,51.0,3.0,25.0,3.0,57.0,43.0,39.0,67.0,32.0,41.0
Edgar Robles,677977,LAG,100,79,OF,28,False,0.748,0.266,0.394,0.354,16.0,13.0,16.8,37.3,25.8,53.0,12.1,28.6,0.323,51.0,51.0,81.0,37.0,31.0,83.0,12.0,2.0,39.0,77.0,19.0,18.0,52.0
Rio Ruiz,547004,QRO,329,286,2B,112,True,0.748,0.273,0.356,0.392,17.0,11.9,28.5,47.7,28.2,43.2,21.8,100.0,0.319,51.0,56.0,58.0,47.0,37.0,77.0,66.0,50.0,53.0,40.0,79.0,88.0,49.0
Eric Filia,596107,MVA,378,314,RF,114,True,0.747,0.28,0.384,0.363,11.6,13.5,17.7,45.7,21.9,58.8,16.1,85.7,0.315,50.0,60.0,75.0,38.0,10.0,87.0,15.0,38.0,22.0,88.0,38.0,71.0,45.0
Alejandro Rivero,681669,CHI,192,174,SS,71,False,0.747,0.282,0.339,0.408,27.6,4.2,31.5,48.9,26.6,44.4,21.8,16.7,0.395,50.0,62.0,50.0,53.0,78.0,15.0,76.0,58.0,44.0,46.0,79.0,15.0,88.0
Daniel Castro,593495,MTY,119,106,SS,42,False,0.746,0.302,0.35,0.396,9.2,7.6,10.4,41.1,19.2,59.6,14.1,100.0,0.323,49.0,75.0,54.0,49.0,4.0,39.0,1.0,13.0,12.0,89.0,28.0,88.0,52.0
Gustavo Nunez,516631,VER,368,319,SS,122,True,0.746,0.279,0.364,0.382,11.1,11.7,13.8,47.3,25.1,54.4,13.4,73.7,0.3,49.0,59.0,64.0,42.0,9.0,75.0,5.0,48.0,35.0,80.0,25.0,57.0,36.0
Brandon Villarreal,661311,SLT,185,160,IF,58,False,0.746,0.313,0.383,0.363,13.0,4.9,23.7,48.3,12.7,61.3,19.7,60.0,0.365,49.0,81.0,74.0,38.0,16.0,18.0,43.0,53.0,5.0,92.0,67.0,43.0,76.0
Javier Salazar,665745,MTY,138,122,IF,53,False,0.745,0.254,0.311,0.434,13.8,8.0,19.4,51.8,31.5,41.7,13.9,25.0,0.275,49.0,43.0,30.0,62.0,22.0,41.0,23.0,73.0,68.0,33.0,27.0,16.0,24.0
Nick Williams,608384,TIJ,153,128,OF,52,False,0.744,0.25,0.338,0.406,26.1,11.8,32.0,45.0,27.7,44.7,19.1,,0.318,48.0,39.0,49.0,52.0,73.0,76.0,78.0,33.0,49.0,47.0,63.0,,47.0
Ariel Sandoval,628366,DUR,167,144,OF,55,False,0.743,0.285,0.361,0.382,16.2,10.8,29.5,47.0,31.4,42.1,17.4,50.0,0.325,48.0,64.0,62.0,42.0,33.0,66.0,69.0,47.0,68.0,34.0,49.0,32.0,53.0
Henry Alejandro Rodriguez,514719,CHI,274,242,2B,93,True,0.742,0.273,0.358,0.384,15.3,11.7,20.5,49.1,33.0,45.5,15.5,66.7,0.313,48.0,56.0,60.0,43.0,29.0,75.0,27.0,59.0,73.0,50.0,35.0,50.0,44.0
Willians Astudillo,553902,AGS,277,247,3B,95,True,0.737,0.291,0.352,0.385,2.5,4.0,13.5,53.6,19.5,46.3,18.7,0.0,0.289,48.0,67.0,56.0,43.0,1.0,13.0,4.0,83.0,14.0,53.0,59.0,7.0,30.0
Carlos Herrera,650508,CHI,304,279,SS,112,True,0.737,0.29,0.336,0.401,14.5,5.6,23.1,50.8,17.4,55.2,17.0,50.0,0.333,48.0,66.0,47.0,50.0,24.0,23.0,39.0,70.0,9.0,82.0,45.0,32.0,59.0
Marco Jaime,668616,AGS,223,187,IF,65,True,0.735,0.283,0.387,0.348,13.0,13.9,15.3,39.5,19.3,54.0,20.5,33.3,0.331,47.0,63.0,77.0,35.0,16.0,89.0,7.0,7.0,13.0,79.0,73.0,20.0,56.0
Isaac Rodriguez,665455,TIJ,241,200,2B,71,True,0.732,0.255,0.377,0.355,13.7,14.9,13.6,33.0,33.7,42.0,17.2,73.7,0.293,47.0,43.0,71.0,37.0,21.0,92.0,5.0,0.0,77.0,34.0,47.0,57.0,33.0
Agustin Murillo,473242,QRO,65,52,3B,18,False,0.731,0.25,0.385,0.346,20.0,13.8,23.1,40.0,25.0,42.5,27.5,100.0,0.325,47.0,39.0,76.0,34.0,51.0,89.0,39.0,8.0,33.0,37.0,95.0,88.0,53.0
José Rondón,602922,MEX,250,216,SS,86,True,0.731,0.236,0.333,0.398,17.6,11.6,22.8,46.3,29.3,34.5,20.1,0.0,0.256,47.0,30.0,46.0,49.0,41.0,74.0,37.0,43.0,58.0,13.0,71.0,7.0,20.0
Dean Nevarez,681944,LAG,162,145,C,56,False,0.73,0.297,0.344,0.386,22.2,6.2,28.0,44.8,33.3,47.4,15.8,33.3,0.378,46.0,70.0,52.0,44.0,60.0,28.0,62.0,30.0,76.0,59.0,36.0,20.0,81.0
Jorge Flores,592312,OAX,275,224,SS,75,True,0.726,0.281,0.391,0.335,17.5,14.2,23.1,40.5,25.8,50.0,17.7,58.3,0.356,46.0,61.0,80.0,31.0,41.0,90.0,39.0,10.0,39.0,68.0,51.0,41.0,72.0
Adeiny Hechavarría,588751,TAB,262,237,2B,98,True,0.726,0.249,0.312,0.414,23.7,8.0,24.2,51.6,36.0,37.6,14.0,0.0,0.304,46.0,37.0,31.0,56.0,67.0,41.0,45.0,73.0,85.0,19.0,28.0,7.0,39.0
Jorge Bonifacio,593528,SLT,198,166,OF,68,True,0.723,0.205,0.313,0.41,25.8,12.1,28.8,51.9,45.4,26.9,14.3,100.0,0.234,46.0,21.0,32.0,55.0,73.0,78.0,68.0,74.0,95.0,5.0,29.0,88.0,14.0
Fernando Villalobos,682655,MEX,9,8,C,4,False,0.722,0.125,0.222,0.5,44.4,11.1,33.3,39.5,75.0,25.0,0.0,,0.0,45.0,5.0,8.0,83.0,97.0,69.0,82.0,7.0,100.0,4.0,3.0,,2.0
Edwin Espinal,606340,VER,338,310,1B,121,True,0.721,0.29,0.331,0.39,10.1,5.3,18.0,48.8,28.7,42.6,18.8,100.0,0.302,45.0,66.0,44.0,46.0,6.0,21.0,16.0,57.0,55.0,37.0,60.0,88.0,38.0
Adrian Tovalin,668210,LAG,202,181,1B,74,True,0.721,0.249,0.312,0.409,23.8,5.9,30.5,51.1,24.8,48.9,19.7,50.0,0.305,45.0,37.0,31.0,54.0,67.0,26.0,72.0,70.0,31.0,64.0,67.0,32.0,40.0
Alfredo Hurtado,685771,JAL,143,126,C,50,False,0.719,0.238,0.322,0.397,22.4,10.5,30.3,53.6,27.4,48.4,15.8,100.0,0.278,45.0,31.0,39.0,49.0,61.0,64.0,71.0,83.0,48.0,63.0,36.0,88.0,26.0
Micker Adolfo,650520,LEO,106,91,RF,37,False,0.718,0.198,0.311,0.407,30.2,10.4,31.5,47.9,22.0,47.5,22.0,0.0,0.241,44.0,17.0,30.0,53.0,84.0,63.0,76.0,51.0,23.0,59.0,80.0,7.0,15.0
Darren Seferina,657261,LAG,70,61,2B,24,False,0.717,0.246,0.324,0.393,28.6,10.0,32.5,45.9,25.6,48.8,14.0,33.3,0.35,44.0,35.0,40.0,47.0,80.0,59.0,79.0,40.0,36.0,64.0,28.0,20.0,69.0
Jose Camacho,692978,LEO,88,78,3B,30,False,0.715,0.244,0.33,0.385,29.5,11.4,38.5,49.2,34.6,38.5,17.3,100.0,0.34,44.0,35.0,43.0,43.0,82.0,72.0,90.0,60.0,80.0,22.0,48.0,88.0,63.0
Cesar Cuevas,802562,TIG,7,7,IF,3,False,0.715,0.286,0.286,0.429,28.6,0.0,40.0,45.5,20.0,40.0,40.0,,0.4,44.0,65.0,19.0,60.0,80.0,3.0,93.0,35.0,17.0,27.0,99.0,,90.0
Efren Navarro,519068,CAM,47,43,1B,17,False,0.714,0.256,0.319,0.395,8.5,8.5,9.3,40.1,53.8,28.2,10.3,,0.263,43.0,44.0,37.0,48.0,4.0,46.0,1.0,9.0,98.0,6.0,15.0,,22.0
Ricardo Valenzuela,594020,OAX,179,156,C,60,False,0.714,0.256,0.329,0.385,15.1,7.3,15.9,43.7,28.1,46.7,15.6,,0.294,43.0,44.0,43.0,43.0,28.0,37.0,8.0,25.0,52.0,56.0,35.0,,33.0
Edson Garcia,616404,TIG,248,226,LF,91,True,0.712,0.261,0.309,0.403,13.7,6.0,20.4,50.4,29.4,42.1,17.3,75.0,0.277,43.0,48.0,29.0,51.0,21.0,27.0,26.0,67.0,59.0,34.0,48.0,60.0,25.0
Patrick Mazeika,664850,MEX,56,48,C,17,False,0.711,0.25,0.357,0.354,12.5,14.3,22.4,51.7,34.1,34.1,9.8,100.0,0.293,43.0,39.0,59.0,37.0,14.0,90.0,35.0,73.0,78.0,13.0,13.0,88.0,33.0
Héctor Sánchez,516949,LAR,120,108,C,44,False,0.71,0.241,0.303,0.407,26.7,7.5,24.9,47.5,34.6,41.0,17.9,,0.301,42.0,33.0,26.0,53.0,75.0,38.0,49.0,49.0,80.0,30.0,53.0,,37.0
Calvin Estrada,690414,JAL,94,84,OF,31,False,0.709,0.274,0.34,0.369,16.0,8.5,24.3,42.8,30.0,55.7,5.7,80.0,0.319,42.0,57.0,50.0,39.0,31.0,46.0,46.0,19.0,64.0,83.0,8.0,65.0,49.0
Japhet Amador,515189,MEX,179,154,1B,60,False,0.708,0.234,0.318,0.39,21.8,11.2,30.7,45.6,31.9,34.5,25.2,,0.265,42.0,29.0,37.0,46.0,58.0,70.0,74.0,37.0,69.0,13.0,91.0,,23.0
Angelo Castellano,613546,JAL,126,111,SS,45,False,0.708,0.243,0.303,0.405,10.3,7.1,20.4,50.0,32.0,38.8,17.5,54.5,0.25,42.0,34.0,26.0,52.0,7.0,35.0,26.0,64.0,70.0,23.0,49.0,40.0,18.0
Juan Carlos Negret,676002,CHI,195,185,RF,75,False,0.708,0.27,0.303,0.405,32.8,2.6,34.8,52.1,29.5,35.2,23.8,100.0,0.39,42.0,53.0,26.0,52.0,87.0,9.0,84.0,75.0,60.0,14.0,85.0,88.0,85.0
Alcides Escobar,444876,TIG,298,269,SS,104,True,0.707,0.271,0.32,0.387,11.7,5.4,19.2,56.6,29.8,41.3,19.0,57.1,0.292,41.0,54.0,38.0,44.0,11.0,21.0,22.0,92.0,62.0,31.0,61.0,40.0,32.0
Jose Martinez,642686,LAR,227,193,SS,73,True,0.707,0.244,0.329,0.378,11.9,9.7,18.1,41.0,29.3,52.3,13.2,50.0,0.264,41.0,35.0,43.0,41.0,12.0,56.0,17.0,12.0,58.0,75.0,23.0,32.0,23.0
Kevin Medrano,605378,LAR,22,18,2B,7,False,0.707,0.222,0.318,0.389,18.2,13.6,16.7,50.0,26.7,60.0,13.3,,0.214,41.0,25.0,37.0,45.0,43.0,88.0,12.0,64.0,44.0,90.0,24.0,,10.0
Angel Camacho,803376,YUC,58,53,IF,21,False,0.706,0.264,0.31,0.396,17.2,5.2,20.6,45.3,29.5,47.7,18.2,100.0,0.318,40.0,50.0,29.0,49.0,39.0,20.0,27.0,34.0,60.0,60.0,55.0,88.0,47.0
Alejandro Gonzalez,524648,OAX,70,60,CF,20,False,0.704,0.267,0.371,0.333,28.6,10.0,32.6,47.9,27.5,45.0,15.0,100.0,0.4,40.0,52.0,68.0,30.0,80.0,59.0,80.0,51.0,49.0,49.0,32.0,88.0,90.0
Jesus Cordova,703007,JAL,22,21,C,10,False,0.703,0.238,0.227,0.476,50.0,0.0,53.2,63.5,36.4,27.3,18.2,100.0,0.4,40.0,31.0,9.0,76.0,98.0,3.0,99.0,97.0,86.0,5.0,55.0,88.0,90.0
Jose Gaitan,668165,VER,270,235,OF,91,True,0.703,0.26,0.316,0.387,18.9,6.7,26.3,53.4,28.9,50.8,15.2,75.0,0.306,40.0,47.0,35.0,44.0,46.0,32.0,54.0,82.0,56.0,72.0,34.0,60.0,40.0
Randy Romero,678499,TAB,305,265,LF,94,True,0.703,0.275,0.348,0.355,17.0,8.9,18.2,42.8,23.3,51.6,17.5,96.8,0.338,40.0,57.0,54.0,37.0,37.0,50.0,18.0,19.0,27.0,74.0,49.0,75.0,62.0
Jose Manuel Orozco,554031,DUR,275,240,LF,90,True,0.702,0.238,0.327,0.375,29.1,10.9,38.1,50.2,28.4,40.1,24.1,66.7,0.323,39.0,31.0,42.0,40.0,82.0,67.0,89.0,66.0,53.0,27.0,86.0,50.0,52.0
Jairus Richards,684551,TIJ,161,131,LF,42,False,0.7,0.237,0.379,0.321,24.8,16.1,30.7,39.5,28.6,47.3,22.0,89.5,0.333,39.0,31.0,72.0,27.0,70.0,94.0,74.0,7.0,54.0,58.0,80.0,73.0,59.0
Roberto Caro,622736,TIG,139,120,RF,43,False,0.699,0.267,0.341,0.358,25.9,10.1,24.1,41.4,27.0,46.1,19.1,81.8,0.361,39.0,52.0,51.0,38.0,73.0,60.0,45.0,13.0,46.0,52.0,63.0,67.0,74.0
Ricky Rodriguez,674491,VER,40,33,1B,12,False,0.697,0.242,0.333,0.364,35.0,12.5,33.7,53.6,33.3,57.1,9.5,,0.368,39.0,33.0,46.0,39.0,90.0,80.0,83.0,83.0,76.0,87.0,12.0,,77.0
Arismendy Alcántara,570489,TIG,105,95,2B,37,False,0.694,0.232,0.305,0.389,31.4,9.5,28.2,48.5,40.3,43.5,14.5,83.3,0.31,38.0,28.0,27.0,45.0,85.0,55.0,63.0,55.0,92.0,42.0,30.0,69.0,43.0
Jose Aguilar,591572,SLT,204,166,CF,55,True,0.693,0.247,0.362,0.331,15.7,11.8,22.7,43.3,22.7,51.1,17.7,25.0,0.286,38.0,36.0,63.0,30.0,30.0,76.0,37.0,23.0,25.0,73.0,51.0,16.0,29.0
Alberto Carreon,549930,VER,30,28,SS,11,False,0.693,0.25,0.3,0.393,10.0,6.7,21.6,52.6,32.0,44.0,16.0,50.0,0.25,38.0,39.0,25.0,47.0,6.0,32.0,33.0,78.0,70.0,45.0,37.0,32.0,18.0
Luis Jimenez,499864,CAM,82,75,3B,28,False,0.69,0.253,0.317,0.373,19.5,4.9,17.8,57.6,33.9,35.6,15.3,40.0,0.298,38.0,42.0,36.0,40.0,48.0,18.0,16.0,94.0,78.0,15.0,34.0,23.0,35.0
Jose Heberto Felix,510548,TAB,85,81,C,32,False,0.688,0.284,0.293,0.395,11.8,0.0,16.6,63.2,21.6,48.6,16.2,100.0,0.304,37.0,64.0,22.0,48.0,11.0,3.0,11.0,97.0,21.0,64.0,38.0,88.0,39.0
Brian Sanchez,660354,TIG,44,37,OF,12,False,0.688,0.243,0.364,0.324,22.7,11.4,30.6,51.5,25.9,55.6,14.8,0.0,0.308,37.0,34.0,64.0,28.0,62.0,72.0,73.0,72.0,40.0,83.0,32.0,7.0,41.0
Takeru Ohashi,826637,TIG,151,128,OF,43,False,0.687,0.25,0.351,0.336,27.2,11.9,28.3,43.9,20.0,66.7,13.3,100.0,0.36,37.0,39.0,55.0,31.0,77.0,77.0,64.0,26.0,17.0,95.0,24.0,88.0,73.0
Rodolfo Amador,616613,MVA,82,77,3B,29,False,0.686,0.286,0.309,0.377,15.9,2.4,19.8,63.0,22.7,40.9,27.3,50.0,0.338,37.0,65.0,29.0,41.0,31.0,9.0,24.0,97.0,25.0,29.0,94.0,32.0,62.0
Alex D. Mejia,622270,SLT,268,246,2B,91,True,0.686,0.28,0.316,0.37,15.3,4.9,23.7,55.7,22.1,53.1,18.8,16.7,0.322,37.0,60.0,35.0,40.0,29.0,18.0,43.0,90.0,23.0,77.0,60.0,15.0,51.0
Jorge Gonzalez,675585,AGS,23,21,OF,8,False,0.685,0.238,0.304,0.381,26.1,8.7,30.0,49.4,40.0,46.7,13.3,,0.333,36.0,31.0,27.0,42.0,73.0,48.0,71.0,61.0,91.0,56.0,24.0,,59.0
Francisco Cordoba,510612,MEX,37,31,C,12,False,0.684,0.161,0.297,0.387,24.3,10.8,26.2,48.5,22.7,36.4,9.1,,0.15,36.0,10.0,24.0,44.0,69.0,66.0,53.0,55.0,25.0,16.0,11.0,,4.0
Eddy Diaz,677647,LEO,162,148,SS,58,False,0.683,0.25,0.291,0.392,13.0,4.9,20.5,50.8,25.0,54.5,16.7,100.0,0.278,36.0,39.0,21.0,47.0,16.0,18.0,27.0,70.0,33.0,81.0,42.0,88.0,26.0
Dawel Lugo,608475,TAB,344,329,3B,128,True,0.677,0.271,0.288,0.389,17.2,2.3,23.4,60.3,28.3,46.4,17.8,100.0,0.309,35.0,54.0,20.0,45.0,39.0,8.0,41.0,96.0,53.0,54.0,52.0,88.0,41.0
Angel Erro,652669,TIG,205,185,3B,65,True,0.676,0.259,0.325,0.351,13.7,7.3,16.2,44.9,29.6,42.1,17.6,66.7,0.292,35.0,46.0,40.0,36.0,21.0,37.0,9.0,31.0,60.0,34.0,50.0,50.0,32.0
Jhon Nuñez,642344,JAL,159,148,C,56,False,0.675,0.25,0.297,0.378,28.3,4.4,29.7,56.4,23.1,47.1,26.9,66.7,0.347,35.0,39.0,24.0,41.0,79.0,15.0,70.0,92.0,27.0,58.0,94.0,50.0,67.0
Rubi Silva,600975,QRO,63,54,RF,19,False,0.675,0.241,0.323,0.352,22.2,11.1,34.9,48.4,21.4,61.9,14.3,,0.3,35.0,33.0,39.0,36.0,60.0,69.0,85.0,54.0,20.0,93.0,29.0,,36.0
Edwin Garcia,542655,CAM,113,99,SS,34,False,0.673,0.253,0.33,0.343,13.3,10.6,12.3,44.3,43.0,40.7,5.8,100.0,0.286,34.0,42.0,43.0,33.0,18.0,65.0,3.0,28.0,95.0,29.0,8.0,88.0,29.0
Jesus Martinez,642487,CHI,281,246,CF,85,True,0.673,0.252,0.327,0.346,18.1,8.9,24.5,45.0,16.8,66.3,13.4,77.8,0.309,34.0,41.0,42.0,34.0,43.0,50.0,47.0,33.0,8.0,94.0,25.0,63.0,41.0
Carlos Martínez,642751,CHI,227,204,C,74,True,0.673,0.265,0.31,0.363,12.3,6.2,16.7,46.3,35.5,44.3,13.7,0.0,0.289,34.0,51.0,29.0,38.0,13.0,28.0,12.0,43.0,83.0,46.0,27.0,7.0,30.0
Cristian Mejia,685736,OAX,15,11,C,3,False,0.673,0.182,0.4,0.273,33.3,20.0,28.0,40.3,16.7,33.3,33.3,,0.333,34.0,14.0,84.0,19.0,88.0,98.0,62.0,9.0,7.0,11.0,97.0,,59.0
Miguel Ojeda Jr.,683110,VER,25,21,C,8,False,0.673,0.19,0.292,0.381,24.0,8.0,25.6,53.1,56.2,25.0,12.5,,0.214,34.0,15.0,22.0,42.0,68.0,41.0,51.0,80.0,98.0,4.0,20.0,,10.0
Alfredo Lopez,594906,DUR,207,183,2B,62,True,0.672,0.268,0.333,0.339,10.1,8.7,14.2,42.2,25.9,51.2,12.7,73.7,0.295,33.0,52.0,46.0,33.0,6.0,48.0,6.0,16.0,40.0,73.0,20.0,57.0,34.0
Gilberto Vizcarra,672953,YUC,38,29,C,8,False,0.671,0.241,0.395,0.276,10.5,15.8,16.9,47.8,19.2,46.2,11.5,,0.269,33.0,33.0,82.0,20.0,8.0,93.0,13.0,51.0,12.0,52.0,18.0,,23.0
Francisco Arcia,516472,LAR,274,245,C,84,True,0.67,0.261,0.327,0.343,17.5,6.2,20.8,47.5,28.2,50.5,17.3,50.0,0.318,33.0,48.0,42.0,33.0,41.0,28.0,28.0,49.0,53.0,71.0,48.0,32.0,47.0
Michael Baca,685834,TAB,25,23,2B,8,False,0.668,0.261,0.32,0.348,32.0,4.0,32.7,47.1,6.7,66.7,26.7,,0.4,32.0,48.0,38.0,35.0,86.0,13.0,80.0,47.0,3.0,95.0,93.0,,90.0
Ricardo Cespedes,650701,CAM,254,236,CF,89,True,0.668,0.263,0.291,0.377,19.7,3.1,18.1,59.8,31.1,35.8,20.2,60.0,0.317,32.0,50.0,21.0,41.0,49.0,10.0,17.0,95.0,66.0,15.0,72.0,43.0,46.0
Jesus Guerrero,815334,LEO,15,12,C,4,False,0.666,0.25,0.333,0.333,20.0,13.3,32.0,41.0,30.0,60.0,10.0,0.0,0.3,32.0,39.0,46.0,30.0,51.0,85.0,78.0,12.0,64.0,90.0,14.0,7.0,36.0
Brayan Quintero,678540,CAM,192,165,2B,57,True,0.666,0.242,0.321,0.345,14.6,6.3,18.1,51.4,25.7,53.5,13.2,33.3,0.272,32.0,33.0,39.0,34.0,25.0,29.0,17.0,72.0,37.0,79.0,23.0,20.0,24.0
Alexis Wilson,656029,TIG,229,200,C,74,True,0.664,0.2,0.294,0.37,22.7,11.4,28.7,45.6,32.0,38.7,12.7,100.0,0.227,32.0,18.0,23.0,40.0,62.0,72.0,67.0,37.0,70.0,22.0,20.0,88.0,13.0
Maikel Serrano,692979,JAL,218,200,OF,69,True,0.663,0.26,0.318,0.345,19.7,5.0,23.9,56.9,19.6,58.9,12.0,83.3,0.323,31.0,47.0,37.0,34.0,49.0,19.0,44.0,93.0,14.0,88.0,18.0,69.0,52.0
Jasson Atondo,662962,TAB,277,254,IF,88,True,0.661,0.276,0.315,0.346,7.9,5.1,12.3,45.4,27.5,47.9,19.6,83.3,0.3,31.0,58.0,33.0,34.0,3.0,19.0,3.0,35.0,49.0,61.0,66.0,69.0,36.0
Carlos Garzon,604996,DUR,179,157,C,49,False,0.66,0.261,0.348,0.312,23.5,11.2,23.5,42.5,17.2,54.3,21.6,100.0,0.351,31.0,48.0,54.0,24.0,66.0,70.0,41.0,17.0,8.0,80.0,77.0,88.0,69.0
Billy Hamilton,571740,JAL,258,230,RF,76,True,0.657,0.257,0.327,0.33,23.3,8.9,27.1,48.5,19.5,46.6,21.3,90.2,0.347,30.0,45.0,42.0,29.0,65.0,50.0,58.0,55.0,14.0,55.0,76.0,74.0,67.0
Alex Liddi,499926,YUC,219,184,3B,62,True,0.657,0.196,0.32,0.337,33.8,14.6,37.7,42.2,27.9,43.2,20.7,83.3,0.286,30.0,16.0,38.0,32.0,90.0,91.0,89.0,16.0,50.0,40.0,74.0,69.0,29.0
Melvin Mercedes,621034,TIG,257,224,IF,70,True,0.656,0.254,0.343,0.313,13.2,9.7,16.1,38.1,31.1,47.7,14.5,76.5,0.3,30.0,43.0,52.0,25.0,17.0,56.0,9.0,4.0,66.0,60.0,30.0,62.0,36.0
Ryan Aguilar,666922,LAR,113,95,RF,32,False,0.652,0.211,0.315,0.337,27.4,13.3,35.4,48.6,29.9,43.3,17.9,100.0,0.297,30.0,22.0,33.0,32.0,78.0,85.0,86.0,56.0,63.0,41.0,53.0,88.0,35.0
Jose Guadalupe Chavez,453575,JAL,220,192,2B,62,True,0.652,0.25,0.329,0.323,19.1,9.5,19.1,44.1,25.8,43.9,18.7,100.0,0.313,30.0,39.0,43.0,28.0,47.0,55.0,21.0,27.0,39.0,45.0,59.0,88.0,44.0
Michael De León,650958,LEO,158,139,3B,46,False,0.652,0.252,0.321,0.331,20.9,8.9,26.4,46.1,26.4,49.1,20.0,50.0,0.318,30.0,41.0,39.0,30.0,53.0,50.0,54.0,41.0,43.0,65.0,69.0,32.0,47.0
Julian Leon,624645,LAG,95,78,C,26,False,0.648,0.205,0.315,0.333,37.9,11.6,42.5,41.0,39.1,50.0,4.3,,0.341,29.0,21.0,33.0,30.0,92.0,74.0,96.0,12.0,89.0,68.0,7.0,,64.0
Jecksson Flores,600898,MVA,213,176,SS,56,True,0.642,0.216,0.324,0.318,13.1,7.5,16.6,41.3,22.3,50.3,17.8,90.0,0.241,29.0,24.0,40.0,26.0,17.0,38.0,11.0,13.0,24.0,70.0,52.0,74.0,15.0
Ramon Mora,692269,LAG,15,13,OF,4,False,0.641,0.308,0.333,0.308,6.7,6.7,4.3,48.9,61.5,15.4,7.7,100.0,0.308,29.0,78.0,46.0,23.0,2.0,32.0,0.0,58.0,99.0,1.0,10.0,88.0,41.0
Jesus Valdez,472505,VER,218,200,LF,69,True,0.639,0.235,0.294,0.345,15.1,7.3,23.0,45.5,25.0,42.3,17.9,0.0,0.258,28.0,29.0,23.0,34.0,28.0,37.0,38.0,35.0,33.0,36.0,53.0,7.0,21.0
Ryan Grotjohn,676639,TAB,70,62,OF,20,False,0.637,0.226,0.314,0.323,22.9,11.4,25.2,43.8,26.1,52.2,13.0,,0.289,28.0,26.0,32.0,28.0,63.0,72.0,50.0,25.0,42.0,75.0,21.0,,30.0
Sergio Burruel,571531,CHI,120,107,C,34,False,0.635,0.234,0.317,0.318,21.7,10.8,26.3,46.8,32.1,37.0,23.5,0.0,0.291,28.0,29.0,36.0,26.0,57.0,66.0,54.0,46.0,71.0,17.0,84.0,7.0,31.0
Gabriel Gutierrez,468368,MEX,90,75,C,24,False,0.634,0.213,0.314,0.32,10.0,10.0,11.5,41.7,17.1,55.7,21.4,,0.231,28.0,23.0,32.0,27.0,6.0,59.0,2.0,14.0,8.0,83.0,76.0,,13.0
Leo German,634496,PUE,179,157,CF,49,False,0.63,0.242,0.318,0.312,22.9,8.4,23.6,48.0,26.7,55.0,11.7,75.0,0.313,27.0,33.0,37.0,24.0,63.0,45.0,42.0,52.0,44.0,82.0,18.0,60.0,44.0
Justin O'Conner,592604,AGS,151,135,P,49,False,0.63,0.215,0.267,0.363,26.5,6.6,26.6,46.9,42.0,33.0,16.0,0.0,0.255,27.0,23.0,16.0,38.0,75.0,31.0,55.0,47.0,94.0,10.0,37.0,7.0,20.0
Ricardo Rincon,824002,VER,7,5,1B,1,False,0.629,0.2,0.429,0.2,14.3,28.6,33.3,34.6,75.0,0.0,25.0,,0.25,27.0,18.0,94.0,10.0,23.0,100.0,82.0,1.0,100.0,1.0,90.0,,18.0
Heber Villalobos,699136,OAX,7,5,C,1,False,0.629,0.2,0.429,0.2,28.6,28.6,36.4,44.0,0.0,0.0,33.3,,0.333,27.0,18.0,94.0,10.0,80.0,100.0,87.0,26.0,1.0,1.0,97.0,,59.0
Ti'Quan Forbes,656431,QRO,74,63,3B,20,False,0.628,0.206,0.311,0.317,31.1,8.1,40.3,46.1,26.8,58.5,9.8,50.0,0.282,27.0,21.0,30.0,26.0,85.0,42.0,94.0,41.0,45.0,88.0,13.0,32.0,27.0
Bryant Flete,622356,TIG,77,68,2B,21,False,0.625,0.235,0.316,0.309,26.0,10.4,33.1,45.5,16.3,67.3,12.2,100.0,0.319,26.0,29.0,35.0,24.0,73.0,63.0,81.0,35.0,7.0,96.0,19.0,88.0,49.0
Freddvil Chevez,673882,DUR,23,22,1B,7,False,0.622,0.273,0.304,0.318,43.5,4.3,41.5,63.9,33.3,66.7,0.0,,0.5,26.0,56.0,27.0,26.0,96.0,15.0,96.0,98.0,76.0,95.0,3.0,,99.0
Gabriel Noriega,527045,TIJ,95,89,3B,30,False,0.614,0.247,0.277,0.337,25.3,2.1,28.3,55.3,19.4,56.7,16.4,50.0,0.313,26.0,36.0,18.0,32.0,72.0,8.0,64.0,89.0,13.0,86.0,40.0,32.0,44.0
Fabricio Macias,671246,YUC,191,175,LF,57,True,0.612,0.24,0.286,0.326,20.9,5.2,25.1,48.3,25.2,56.1,15.1,0.0,0.296,26.0,32.0,19.0,28.0,53.0,20.0,49.0,53.0,36.0,84.0,33.0,7.0,34.0
Oziel Flores,680029,CHI,125,114,IF,36,False,0.611,0.254,0.295,0.316,23.2,5.6,24.3,46.6,19.1,55.1,14.6,50.0,0.329,25.0,43.0,24.0,26.0,64.0,23.0,46.0,44.0,12.0,82.0,31.0,32.0,55.0
Domingo Leyba,642736,TAB,173,153,2B,48,False,0.611,0.216,0.297,0.314,18.5,9.8,23.0,44.8,19.5,41.5,26.8,0.0,0.258,25.0,24.0,24.0,25.0,45.0,57.0,38.0,30.0,14.0,32.0,94.0,7.0,21.0
Diego Madero,616569,SLT,85,80,SS,25,False,0.611,0.275,0.298,0.313,11.8,3.5,21.7,52.3,20.8,40.3,22.2,50.0,0.31,25.0,57.0,25.0,25.0,11.0,11.0,33.0,76.0,18.0,28.0,81.0,32.0,43.0
Issmael Salas,447638,QRO,127,115,2B,34,False,0.611,0.243,0.315,0.296,13.4,6.3,18.7,47.6,31.6,41.8,16.3,,0.286,25.0,34.0,33.0,22.0,19.0,29.0,19.0,50.0,69.0,33.0,39.0,,29.0
Carlos Arellano,689161,VER,237,207,SS,66,True,0.61,0.237,0.291,0.319,22.8,4.6,24.7,50.6,30.1,48.2,15.1,75.0,0.305,24.0,31.0,21.0,27.0,63.0,16.0,48.0,69.0,64.0,62.0,33.0,60.0,40.0
Angel Chavarin,594092,CAM,51,48,C,16,False,0.608,0.229,0.275,0.333,27.5,5.9,21.5,46.5,38.2,47.1,2.9,,0.303,24.0,27.0,18.0,30.0,78.0,26.0,32.0,44.0,87.0,58.0,7.0,,38.0
Hector Mora,692941,CHI,94,92,IF,31,False,0.606,0.261,0.269,0.337,28.7,1.1,28.3,53.7,19.7,57.6,16.7,50.0,0.369,24.0,48.0,16.0,32.0,81.0,7.0,64.0,84.0,15.0,87.0,42.0,32.0,78.0
Fernando Perez,622047,QRO,146,123,2B,34,False,0.602,0.228,0.326,0.276,21.2,11.0,27.5,50.3,28.1,43.8,17.7,,0.29,23.0,27.0,41.0,20.0,55.0,68.0,60.0,67.0,52.0,44.0,51.0,,31.0
Yangervis Solarte,500208,OAX,96,84,3B,26,False,0.602,0.214,0.292,0.31,10.4,10.4,13.7,47.5,15.8,51.3,15.8,,0.216,23.0,23.0,22.0,24.0,7.0,63.0,5.0,49.0,7.0,73.0,36.0,,11.0
Demetrius Sims,676443,TIG,103,94,SS,29,False,0.6,0.223,0.291,0.309,33.0,6.8,37.2,49.9,38.3,33.3,21.7,85.7,0.339,23.0,26.0,21.0,24.0,87.0,33.0,88.0,63.0,87.0,11.0,78.0,71.0,62.0
Sebastian Garcia,701722,OAX,27,22,3B,5,False,0.597,0.227,0.37,0.227,14.8,14.8,14.0,43.5,27.8,50.0,11.1,100.0,0.278,23.0,27.0,67.0,12.0,26.0,92.0,5.0,24.0,50.0,68.0,17.0,88.0,26.0
Carlos Figueroa,624221,TIG,274,234,CF,62,True,0.596,0.231,0.331,0.265,20.4,10.9,16.4,40.8,14.8,64.5,16.4,69.2,0.303,23.0,28.0,44.0,17.0,52.0,67.0,10.0,11.0,6.0,93.0,40.0,55.0,38.0
Juan Mora,680643,MVA,23,19,2B,5,False,0.596,0.263,0.333,0.263,26.1,0.0,31.7,56.9,13.3,53.3,20.0,50.0,0.385,23.0,50.0,46.0,17.0,73.0,3.0,77.0,93.0,5.0,78.0,69.0,32.0,84.0
Italo Motta,692798,LEO,212,185,2B,57,True,0.593,0.205,0.285,0.308,26.4,8.5,30.8,48.1,19.3,50.4,17.0,69.2,0.276,22.0,21.0,19.0,23.0,74.0,46.0,74.0,52.0,13.0,71.0,45.0,55.0,25.0
Wendell Rijo,620442,VER,108,94,2B,27,False,0.592,0.234,0.305,0.287,16.7,8.3,18.8,42.4,23.8,61.3,7.5,40.0,0.276,22.0,29.0,27.0,21.0,35.0,44.0,20.0,17.0,29.0,92.0,9.0,23.0,25.0
Ricardo Serrano,495664,CAM,192,172,2B,55,True,0.592,0.203,0.272,0.32,24.5,7.8,28.5,52.8,39.1,40.6,9.4,0.0,0.246,22.0,20.0,17.0,27.0,70.0,40.0,66.0,80.0,89.0,28.0,12.0,7.0,17.0
Jacob Nottingham,641924,JAL,138,119,C,39,False,0.589,0.168,0.261,0.328,39.9,8.7,44.9,48.4,35.8,44.8,10.4,50.0,0.242,21.0,12.0,14.0,29.0,93.0,48.0,97.0,54.0,85.0,48.0,15.0,32.0,16.0
Malquin Canelo,622541,VER,21,20,SS,7,False,0.588,0.2,0.238,0.35,47.6,4.8,35.0,51.3,20.0,40.0,30.0,,0.4,21.0,18.0,10.0,36.0,97.0,17.0,85.0,71.0,17.0,27.0,96.0,,90.0
Alejandro Flores,642299,DUR,147,127,C,39,False,0.585,0.189,0.278,0.307,22.4,10.2,28.4,50.1,32.7,36.7,16.3,50.0,0.228,21.0,15.0,18.0,23.0,61.0,61.0,65.0,66.0,72.0,17.0,39.0,32.0,13.0
Marco Guzman,622398,CAM,9,8,2B,2,False,0.583,0.25,0.333,0.25,33.3,0.0,28.6,56.8,20.0,20.0,40.0,,0.4,21.0,39.0,46.0,15.0,88.0,3.0,66.0,93.0,17.0,2.0,99.0,,90.0
Luis Carlos Martinez,811419,SLT,9,8,IF,2,False,0.583,0.25,0.333,0.25,33.3,0.0,31.2,44.4,40.0,60.0,0.0,,0.4,21.0,39.0,46.0,15.0,88.0,3.0,76.0,28.0,91.0,90.0,3.0,,90.0
Drew Mendoza,666141,CHI,38,34,3B,9,False,0.581,0.235,0.316,0.265,15.8,10.5,29.4,49.3,7.1,64.3,25.0,,0.286,20.0,29.0,35.0,17.0,31.0,64.0,68.0,61.0,3.0,93.0,90.0,,29.0
Carlos Mendivil,641104,DUR,95,88,C,29,False,0.577,0.227,0.247,0.33,16.8,3.2,19.4,49.5,23.7,63.2,9.2,0.0,0.26,20.0,27.0,11.0,29.0,36.0,10.0,23.0,62.0,28.0,93.0,11.0,7.0,21.0
Santiago Gonzalez,477453,DUR,61,57,CF,16,False,0.576,0.246,0.295,0.281,21.3,4.9,26.8,52.8,20.5,47.7,22.7,0.0,0.318,20.0,35.0,24.0,20.0,55.0,18.0,56.0,80.0,18.0,60.0,83.0,7.0,47.0
Orlando Pina,669315,PUE,80,63,C,15,False,0.576,0.175,0.338,0.238,20.0,17.5,26.5,35.1,54.2,35.4,6.2,0.0,0.213,20.0,13.0,49.0,14.0,51.0,97.0,55.0,1.0,98.0,15.0,9.0,7.0,9.0
Christopher Gastelum,806591,JAL,119,105,IF,30,False,0.574,0.2,0.288,0.286,21.0,9.2,23.2,45.6,17.3,58.0,14.8,33.3,0.244,19.0,18.0,20.0,21.0,54.0,53.0,40.0,37.0,9.0,87.0,32.0,20.0,16.0
Narciso Crook,643271,TIG,26,23,OF,7,False,0.573,0.174,0.269,0.304,26.9,11.5,26.7,44.1,25.0,37.5,18.8,100.0,0.2,19.0,12.0,16.0,23.0,76.0,73.0,56.0,27.0,33.0,18.0,60.0,88.0,7.0
Antonio Monroy,802572,TIG,117,107,SP,29,False,0.573,0.243,0.302,0.271,17.1,5.1,18.3,54.2,25.0,50.0,19.3,100.0,0.299,19.0,34.0,26.0,18.0,38.0,19.0,18.0,86.0,33.0,68.0,64.0,88.0,35.0
Juan Rodriguez,650909,DUR,115,101,3B,28,False,0.564,0.198,0.287,0.277,30.4,8.7,29.6,49.4,23.9,50.7,22.4,100.0,0.288,19.0,17.0,20.0,20.0,84.0,48.0,69.0,61.0,29.0,71.0,82.0,88.0,30.0
Luis Santos,676021,MTY,48,40,2B,10,False,0.563,0.175,0.313,0.25,33.3,8.3,41.5,43.9,25.0,54.2,16.7,100.0,0.292,18.0,13.0,32.0,15.0,88.0,44.0,96.0,26.0,33.0,80.0,42.0,88.0,32.0
Jose Sermo,572127,DUR,34,31,2B,11,False,0.561,0.129,0.206,0.355,32.4,5.9,26.8,42.1,35.0,55.0,5.0,,0.111,18.0,5.0,7.0,37.0,86.0,26.0,56.0,15.0,82.0,82.0,8.0,,3.0
Yonathan Mendoza,606216,LEO,14,10,IF,2,False,0.557,0.2,0.357,0.2,7.1,21.4,18.8,34.0,20.0,60.0,10.0,100.0,0.2,18.0,18.0,59.0,10.0,2.0,98.0,20.0,1.0,17.0,90.0,14.0,88.0,7.0
Joshua Rodriguez,446044,LAR,28,26,3B,7,False,0.555,0.231,0.286,0.269,42.9,7.1,28.8,46.1,28.6,42.9,21.4,,0.429,17.0,28.0,19.0,18.0,95.0,35.0,68.0,41.0,54.0,38.0,76.0,,95.0
Breyvic Valera,591971,TIJ,38,31,LF,8,False,0.555,0.194,0.297,0.258,7.9,13.2,12.5,32.0,30.0,43.3,16.7,100.0,0.207,17.0,16.0,24.0,16.0,3.0,84.0,4.0,0.0,64.0,41.0,42.0,88.0,9.0
Diego Rincones,665651,CAM,61,54,OF,13,False,0.552,0.222,0.311,0.241,13.1,9.8,19.2,45.6,19.6,47.8,19.6,,0.261,17.0,25.0,30.0,14.0,17.0,57.0,22.0,37.0,14.0,60.0,66.0,,22.0
Daniel Amaral,663610,MVA,109,93,CF,23,False,0.549,0.204,0.302,0.247,20.2,10.1,22.5,43.6,27.0,56.8,9.5,94.4,0.257,17.0,20.0,26.0,14.0,52.0,60.0,36.0,24.0,46.0,86.0,12.0,75.0,21.0
Fernando Flores,603877,VER,67,62,C,18,False,0.548,0.21,0.258,0.29,11.9,6.0,20.8,53.7,20.0,56.4,16.4,,0.241,17.0,22.0,14.0,22.0,12.0,27.0,28.0,84.0,17.0,85.0,40.0,,15.0
Joshua Fuentes,658069,YUC,264,245,3B,71,True,0.545,0.208,0.255,0.29,22.7,4.5,26.4,54.7,33.0,39.4,17.0,50.0,0.261,16.0,22.0,13.0,22.0,62.0,16.0,54.0,88.0,73.0,25.0,45.0,32.0,22.0
Engel Beltre,520976,CAM,68,60,OF,16,False,0.536,0.183,0.269,0.267,19.1,8.8,21.1,55.0,29.8,53.2,8.5,33.3,0.234,16.0,14.0,16.0,18.0,47.0,49.0,30.0,89.0,62.0,77.0,11.0,20.0,14.0
Kevin Vicuña,660631,TIG,39,36,1B,10,False,0.534,0.194,0.256,0.278,12.8,5.1,19.4,52.8,48.4,22.6,16.1,75.0,0.226,16.0,16.0,13.0,20.0,15.0,19.0,23.0,80.0,97.0,3.0,38.0,60.0,12.0
Dilson Herrera,599096,VER,58,49,2B,13,False,0.533,0.204,0.268,0.265,22.4,8.6,28.1,49.1,32.5,42.5,15.0,,0.263,16.0,20.0,16.0,17.0,61.0,47.0,63.0,59.0,72.0,37.0,32.0,,22.0
Alonzo Harris,518770,LAR,81,67,OF,16,False,0.527,0.164,0.288,0.239,19.8,14.8,23.8,39.8,34.0,43.4,11.3,62.5,0.196,15.0,11.0,20.0,14.0,50.0,92.0,43.0,7.0,78.0,42.0,17.0,45.0,6.0
Luis Medina,653414,LEO,55,53,SS,15,False,0.524,0.226,0.241,0.283,36.4,0.0,34.7,65.6,32.4,41.2,14.7,50.0,0.364,15.0,26.0,11.0,21.0,91.0,3.0,84.0,99.0,71.0,30.0,31.0,32.0,75.0
Juan Haro,698880,TIG,12,11,C,3,False,0.523,0.182,0.25,0.273,58.3,8.3,54.5,42.3,0.0,75.0,25.0,,0.5,15.0,14.0,12.0,19.0,99.0,44.0,99.0,16.0,1.0,98.0,90.0,,99.0
Irving Lopez,676761,PUE,62,57,2B,17,False,0.522,0.211,0.224,0.298,8.1,1.6,14.7,53.4,35.7,39.3,10.7,,0.216,15.0,22.0,9.0,22.0,3.0,7.0,7.0,82.0,84.0,25.0,15.0,,11.0
Roldani Baldwin,650380,VER,53,48,C,13,False,0.521,0.188,0.25,0.271,37.7,7.5,45.5,55.0,27.6,37.9,24.1,0.0,0.296,14.0,15.0,12.0,18.0,92.0,38.0,97.0,89.0,49.0,19.0,86.0,7.0,34.0
Randy Trejo,811435,TIG,60,56,IF,13,False,0.515,0.232,0.283,0.232,40.0,6.7,35.2,54.3,6.2,68.8,25.0,50.0,0.406,14.0,28.0,18.0,13.0,93.0,32.0,86.0,87.0,3.0,96.0,90.0,32.0,92.0
José Briceño,593993,MEX,162,148,C,38,False,0.513,0.203,0.256,0.257,17.9,5.6,25.3,47.7,21.3,48.4,15.6,,0.244,14.0,20.0,13.0,16.0,42.0,23.0,50.0,50.0,20.0,63.0,35.0,,16.0
Lewis Brinson,621446,AGS,34,28,CF,6,False,0.508,0.143,0.294,0.214,38.2,17.6,40.4,44.9,13.3,46.7,20.0,0.0,0.267,14.0,7.0,23.0,11.0,92.0,97.0,94.0,31.0,5.0,56.0,69.0,7.0,23.0
Francisco Lugo,546366,TAB,38,37,RF,10,False,0.507,0.216,0.237,0.27,10.5,2.6,18.5,52.0,18.2,48.5,18.2,,0.242,13.0,24.0,9.0,18.0,8.0,9.0,19.0,75.0,10.0,63.0,55.0,,16.0
Jose Luna,624933,VER,17,13,2B,2,False,0.507,0.154,0.353,0.154,41.2,17.6,40.5,48.7,33.3,66.7,0.0,0.0,0.333,13.0,9.0,57.0,6.0,94.0,97.0,94.0,56.0,76.0,95.0,3.0,7.0,59.0
Daniel Sanchez,616570,CAM,61,59,C,15,False,0.504,0.237,0.25,0.254,16.4,1.6,17.6,67.3,36.0,36.0,10.0,,0.286,13.0,31.0,12.0,16.0,34.0,7.0,15.0,100.0,85.0,16.0,14.0,,29.0
Khalil Lee,666137,CHI,15,13,CF,3,False,0.498,0.154,0.267,0.231,6.7,13.3,30.0,45.5,50.0,33.3,8.3,,0.167,13.0,9.0,16.0,12.0,2.0,85.0,71.0,35.0,97.0,11.0,10.0,,5.0
Yordi Martinez,823942,CAM,34,30,OF,7,False,0.498,0.167,0.265,0.233,44.1,11.8,38.0,53.4,40.0,46.7,6.7,100.0,0.333,13.0,11.0,15.0,13.0,96.0,76.0,89.0,82.0,91.0,56.0,9.0,88.0,59.0
Jonathan Mendoza,824271,CAM,121,117,2B,29,False,0.488,0.222,0.24,0.248,29.8,1.7,27.8,52.6,19.5,67.1,8.5,100.0,0.317,12.0,25.0,10.0,15.0,83.0,8.0,61.0,78.0,14.0,96.0,11.0,88.0,46.0
Alejandro Urias,703060,DUR,31,28,C,8,False,0.486,0.143,0.2,0.286,22.6,3.2,27.3,46.2,36.4,40.9,13.6,,0.19,12.0,7.0,6.0,21.0,62.0,10.0,59.0,42.0,86.0,29.0,27.0,,6.0
Mario Feliciano,666128,PUE,72,63,C,15,False,0.481,0.159,0.243,0.238,27.8,5.6,23.6,52.2,31.1,42.2,13.3,100.0,0.214,12.0,10.0,11.0,14.0,79.0,23.0,42.0,76.0,66.0,35.0,24.0,88.0,10.0
Ronny Rodríguez,500135,CAM,50,46,SS,12,False,0.481,0.152,0.22,0.261,30.0,6.0,27.9,50.0,41.9,32.3,9.7,,0.2,12.0,9.0,8.0,16.0,83.0,27.0,61.0,64.0,94.0,8.0,13.0,,7.0
Yefri Pérez,570639,LEO,78,73,SS,17,False,0.48,0.219,0.247,0.233,12.8,3.8,16.4,53.2,23.1,63.1,9.2,100.0,0.25,11.0,25.0,11.0,13.0,15.0,12.0,10.0,81.0,27.0,93.0,11.0,88.0,18.0
Wilson Garcia,600902,AGS,54,51,1B,14,False,0.479,0.176,0.204,0.275,22.2,3.7,28.7,63.5,42.5,45.0,12.5,,0.205,11.0,13.0,7.0,19.0,60.0,12.0,67.0,97.0,95.0,49.0,20.0,,8.0
Channy Ortiz,671495,CHI,9,7,3B,1,False,0.476,0.143,0.333,0.143,22.2,22.2,11.1,46.2,40.0,60.0,0.0,,0.2,11.0,7.0,46.0,5.0,60.0,99.0,2.0,42.0,91.0,90.0,3.0,,7.0
Emiliano Valencia,814028,TAB,9,7,IF,1,False,0.476,0.143,0.333,0.143,0.0,22.2,0.0,39.4,0.0,85.7,14.3,,0.143,11.0,7.0,46.0,5.0,0.0,99.0,0.0,6.0,1.0,99.0,29.0,,4.0
Hans Wilson,542328,AGS,11,10,C,2,False,0.473,0.2,0.273,0.2,27.3,9.1,30.0,55.6,28.6,42.9,14.3,,0.286,10.0,18.0,17.0,10.0,77.0,52.0,71.0,90.0,54.0,38.0,29.0,,29.0
Logan Brown,682204,SLT,90,82,C,19,False,0.471,0.183,0.239,0.232,23.3,5.6,30.5,60.0,22.2,60.3,14.3,100.0,0.246,10.0,14.0,10.0,13.0,65.0,23.0,72.0,96.0,23.0,91.0,29.0,88.0,17.0
Carlos Baez,828390,JAL,35,33,2B,7,False,0.469,0.212,0.257,0.212,37.1,2.9,27.9,56.7,15.0,80.0,5.0,0.0,0.35,10.0,23.0,14.0,11.0,91.0,10.0,61.0,92.0,6.0,98.0,8.0,7.0,69.0
Max Murphy,656782,SLT,23,20,OF,4,False,0.461,0.15,0.261,0.2,21.7,13.0,38.8,50.0,26.7,60.0,13.3,0.0,0.2,10.0,9.0,14.0,10.0,57.0,83.0,91.0,64.0,44.0,90.0,24.0,7.0,7.0
Hansen Lopez,678405,CHI,42,36,C,7,False,0.456,0.139,0.262,0.194,42.9,11.9,49.5,53.2,27.8,38.9,16.7,,0.278,9.0,7.0,15.0,8.0,95.0,77.0,98.0,81.0,50.0,23.0,42.0,,26.0
Jorge Morales,811620,SLT,7,6,C,1,False,0.453,0.167,0.286,0.167,28.6,0.0,31.2,64.0,25.0,25.0,0.0,,0.25,9.0,11.0,19.0,7.0,80.0,3.0,76.0,98.0,33.0,4.0,3.0,,18.0
Courtney Hawkins,621445,PUE,28,25,OF,5,False,0.45,0.16,0.25,0.2,46.4,10.7,39.6,51.0,16.7,33.3,33.3,,0.333,9.0,10.0,12.0,10.0,97.0,65.0,93.0,70.0,7.0,11.0,97.0,,59.0
Javier Sanchez,676020,DUR,27,23,SS,5,False,0.448,0.13,0.231,0.217,33.3,11.1,39.5,40.6,26.7,53.3,13.3,,0.214,9.0,6.0,9.0,11.0,88.0,69.0,93.0,10.0,44.0,78.0,24.0,,10.0
Omar Renteria,596671,MTY,60,49,C,9,False,0.447,0.143,0.263,0.184,31.7,13.3,39.2,42.9,33.3,48.5,15.2,,0.233,8.0,7.0,15.0,8.0,85.0,85.0,92.0,20.0,76.0,63.0,34.0,,14.0
Walter Ibarra,503429,YUC,34,32,SS,7,False,0.431,0.188,0.212,0.219,23.5,2.9,27.0,55.8,28.0,48.0,24.0,,0.25,8.0,15.0,8.0,12.0,66.0,10.0,58.0,91.0,51.0,62.0,86.0,,18.0
Jesus Fabela,652999,MEX,10,9,RF,2,False,0.422,0.111,0.2,0.222,30.0,10.0,18.8,43.2,83.3,16.7,0.0,,0.167,8.0,4.0,6.0,12.0,83.0,59.0,20.0,22.0,100.0,2.0,3.0,,5.0
Carlos Villegas,802394,CAM,75,67,P,11,False,0.404,0.164,0.24,0.164,22.7,4.0,18.2,55.4,35.3,56.9,2.0,50.0,0.216,8.0,11.0,10.0,6.0,62.0,13.0,18.0,89.0,83.0,86.0,7.0,32.0,11.0
Abiel Amador,815328,AGS,5,5,OF,1,False,0.4,0.2,0.2,0.2,40.0,0.0,45.5,61.1,0.0,100.0,0.0,,0.333,7.0,18.0,6.0,10.0,93.0,3.0,97.0,96.0,1.0,100.0,3.0,,59.0
Alex Robles,675970,CAM,10,10,RF,2,False,0.4,0.2,0.2,0.2,10.0,0.0,6.7,45.5,22.2,55.6,11.1,,0.222,7.0,18.0,6.0,10.0,6.0,3.0,1.0,35.0,23.0,83.0,17.0,,12.0
Dillon Thomas,605504,OAX,8,7,LF,1,False,0.393,0.143,0.25,0.143,62.5,12.5,60.0,42.9,0.0,100.0,0.0,,0.5,7.0,7.0,12.0,5.0,100.0,80.0,99.0,20.0,1.0,100.0,3.0,,99.0
Alay Lago,667605,TIG,29,28,2B,5,False,0.386,0.179,0.207,0.179,13.8,0.0,20.0,54.3,25.0,50.0,16.7,,0.208,7.0,13.0,8.0,7.0,22.0,3.0,25.0,87.0,33.0,68.0,42.0,,9.0
Marcus Chiu,676722,TIG,12,9,2B,1,False,0.384,0.111,0.273,0.111,41.7,16.7,47.8,44.2,40.0,40.0,20.0,100.0,0.25,7.0,4.0,17.0,4.0,95.0,95.0,98.0,27.0,91.0,27.0,69.0,88.0,18.0
Yeison Coca,665883,YUC,96,90,3B,19,False,0.374,0.144,0.163,0.211,29.2,2.1,29.0,50.5,7.6,74.2,12.1,75.0,0.197,6.0,8.0,5.0,11.0,82.0,8.0,68.0,68.0,4.0,97.0,19.0,60.0,6.0
German Revilla,680365,TIG,31,29,C,5,False,0.366,0.138,0.194,0.172,38.7,3.2,40.9,50.4,11.8,64.7,17.6,,0.235,6.0,6.0,6.0,7.0,92.0,10.0,95.0,67.0,4.0,94.0,50.0,,14.0
Jose Orrantia,803125,JAL,29,25,OF,3,False,0.361,0.12,0.241,0.12,41.4,13.8,35.3,42.9,46.2,30.8,7.7,,0.231,6.0,5.0,11.0,4.0,94.0,89.0,86.0,20.0,96.0,7.0,10.0,,13.0
Noah Perio,573087,TIG,38,38,2B,7,False,0.342,0.158,0.158,0.184,21.1,0.0,24.4,53.6,33.3,50.0,16.7,100.0,0.2,6.0,10.0,4.0,8.0,54.0,3.0,46.0,83.0,76.0,68.0,42.0,88.0,7.0
Luis García,677593,DUR,50,45,SS,6,False,0.337,0.133,0.204,0.133,30.0,8.0,24.5,45.4,29.0,51.6,6.5,50.0,0.2,5.0,6.0,7.0,4.0,83.0,41.0,47.0,35.0,56.0,74.0,9.0,32.0,7.0
Ismael Alcantara,672882,AGS,6,6,OF,1,False,0.334,0.167,0.167,0.167,50.0,0.0,38.5,65.0,33.3,66.7,0.0,100.0,0.333,5.0,11.0,5.0,7.0,98.0,3.0,90.0,99.0,76.0,95.0,3.0,88.0,59.0
Manuel Melendez,650513,VER,6,6,CF,1,False,0.334,0.167,0.167,0.167,33.3,0.0,18.8,64.0,0.0,50.0,0.0,,0.25,5.0,11.0,5.0,7.0,88.0,3.0,20.0,98.0,1.0,68.0,3.0,,18.0
Carlos Pacheco,672378,CHI,28,27,OF,5,False,0.328,0.111,0.143,0.185,46.4,3.6,53.3,49.2,28.6,50.0,0.0,100.0,0.214,5.0,4.0,4.0,8.0,97.0,11.0,99.0,60.0,54.0,68.0,3.0,88.0,10.0
David Washington,572241,SLT,16,15,1B,2,False,0.321,0.133,0.188,0.133,68.8,6.3,62.2,58.7,0.0,50.0,50.0,,0.5,4.0,6.0,6.0,4.0,100.0,29.0,100.0,94.0,1.0,68.0,99.0,,99.0
Maikol Perez,827662,TIG,16,16,OF,3,False,0.313,0.125,0.125,0.188,43.8,0.0,33.3,54.1,22.2,22.2,33.3,0.0,0.222,4.0,5.0,3.0,8.0,96.0,3.0,82.0,85.0,23.0,3.0,97.0,7.0,12.0
Isboseth Morales,823941,CAM,7,7,OF,1,False,0.286,0.143,0.143,0.143,28.6,0.0,33.3,45.0,40.0,60.0,0.0,,0.2,4.0,7.0,4.0,5.0,80.0,3.0,82.0,33.0,91.0,90.0,3.0,,7.0
Alan Lopez,674706,LEO,17,15,1B,1,False,0.243,0.067,0.176,0.067,41.2,11.8,29.6,42.9,12.5,75.0,0.0,0.0,0.125,4.0,3.0,5.0,3.0,94.0,76.0,69.0,20.0,5.0,98.0,3.0,7.0,4.0
Jorge Rivera,701033,TIG,31,30,IF,3,False,0.229,0.1,0.129,0.1,29.0,3.2,16.7,49.5,23.8,71.4,4.8,100.0,0.143,3.0,4.0,4.0,4.0,81.0,10.0,12.0,62.0,29.0,97.0,7.0,88.0,4.0
Shane Skelly,825747,TIG,34,32,IF,2,False,0.181,0.063,0.118,0.063,70.6,5.9,71.0,58.5,12.5,75.0,12.5,,0.25,3.0,3.0,3.0,3.0,100.0,26.0,100.0,94.0,5.0,98.0,20.0,,18.0
Ivan Morales,823976,LEO,8,7,C,0,False,0.125,0.0,0.125,0.0,37.5,12.5,26.3,55.9,75.0,0.0,0.0,,0.0,3.0,2.0,3.0,2.0,91.0,80.0,54.0,91.0,100.0,1.0,3.0,,2.0
Braulio Cavero,824007,MVA,10,9,OF,0,False,0.1,0.0,0.1,0.0,50.0,10.0,39.1,54.8,25.0,25.0,0.0,,0.0,3.0,2.0,3.0,2.0,98.0,59.0,92.0,88.0,33.0,4.0,3.0,,2.0
Gael Guzman,808937,LAG,11,10,C,0,False,0.091,0.0,0.091,0.0,27.3,9.1,25.9,61.4,14.3,85.7,0.0,,0.0,2.0,2.0,2.0,2.0,77.0,52.0,52.0,97.0,6.0,99.0,3.0,,2.0
Eduardo Arredono Jr.,828459,CAM,7,7,SS,0,False,0.0,0.0,0.0,0.0,28.6,0.0,27.3,64.7,60.0,20.0,20.0,,0.0,1.0,2.0,1.0,2.0,80.0,3.0,59.0,99.0,98.0,2.0,69.0,,2.0
Ivan Chavez,692442,VER,9,9,IF,0,False,0.0,0.0,0.0,0.0,44.4,0.0,26.3,50.0,20.0,80.0,0.0,,0.0,1.0,2.0,1.0,2.0,97.0,3.0,54.0,64.0,17.0,98.0,3.0,,2.0
Bryan Corral,816260,MVA,5,5,OF,0,False,0.0,0.0,0.0,0.0,20.0,0.0,22.2,60.0,25.0,75.0,0.0,,0.0,1.0,2.0,1.0,2.0,51.0,3.0,35.0,96.0,33.0,98.0,3.0,,2.0
Jesus Higuera,828332,CAM,6,6,2B,0,False,0.0,0.0,0.0,0.0,50.0,0.0,50.0,50.0,33.3,33.3,0.0,,0.0,1.0,2.0,1.0,2.0,98.0,3.0,98.0,64.0,76.0,11.0,3.0,,2.0
Shed Long Jr.,643418,TAB,6,6,2B,0,False,0.0,0.0,0.0,0.0,16.7,0.0,14.3,43.8,0.0,100.0,0.0,,0.0,1.0,2.0,1.0,2.0,35.0,3.0,6.0,25.0,1.0,100.0,3.0,,2.0
Elmer Lopez,696115,DUR,7,7,OF,0,False,0.0,0.0,0.0,0.0,57.1,0.0,33.3,34.6,33.3,66.7,0.0,,0.0,1.0,2.0,1.0,2.0,99.0,3.0,82.0,1.0,76.0,95.0,3.0,,2.0
Gersel Pitre,649957,PUE,6,6,C,0,False,0.0,0.0,0.0,0.0,16.7,0.0,20.0,50.0,40.0,40.0,0.0,,0.0,1.0,2.0,1.0,2.0,35.0,3.0,25.0,64.0,91.0,27.0,3.0,,2.0
Gustavo Ruiz,678411,JAL,7,7,C,0,False,0.0,0.0,0.0,0.0,28.6,0.0,44.4,78.3,40.0,20.0,0.0,,0.0,1.0,2.0,1.0,2.0,80.0,3.0,96.0,100.0,91.0,2.0,3.0,,2.0
Marcos Valenzuela,825580,LAR,6,6,SS,0,False,0.0,0.0,0.0,0.0,0.0,0.0,14.3,38.9,16.7,83.3,0.0,,0.0,1.0,2.0,1.0,2.0,0.0,3.0,6.0,5.0,7.0,99.0,3.0,,2.0
